/*
 Navicat Premium Data Transfer

 Source Server         : localhost
 Source Server Type    : MySQL
 Source Server Version : 80400
 Source Host           : localhost:3306
 Source Schema         : invest_track_pro

 Target Server Type    : MySQL
 Target Server Version : 80400
 File Encoding         : 65001

 Date: 27/05/2024 20:43:27
*/

SET NAMES utf8mb4;
SET FOREIGN_KEY_CHECKS = 0;

-- ----------------------------
-- Table structure for asset
-- ----------------------------
DROP TABLE IF EXISTS `asset`;
CREATE TABLE `asset`  (
  `asset_id` int(0) NOT NULL AUTO_INCREMENT COMMENT 'asset_id',
  `user_id` int(0) NULL DEFAULT NULL COMMENT '用户id',
  `investment_id` int(0) NULL DEFAULT NULL COMMENT '投资项目的id',
  `amount` double NULL DEFAULT NULL COMMENT '持有数量',
  `created_at` timestamp(0) NULL DEFAULT CURRENT_TIMESTAMP(0) ON UPDATE CURRENT_TIMESTAMP(0) COMMENT '创建时间',
  `updated_at` timestamp(0) NULL DEFAULT CURRENT_TIMESTAMP(0) ON UPDATE CURRENT_TIMESTAMP(0) COMMENT '上次更新时间',
  `holding_profit` double NULL DEFAULT NULL COMMENT '持有收益',
  `total_sell_revenue` double NULL DEFAULT NULL COMMENT '实现收益',
  PRIMARY KEY (`asset_id`) USING BTREE,
  INDEX `user_id`(`user_id`) USING BTREE,
  INDEX `investment_id`(`investment_id`) USING BTREE,
  CONSTRAINT `asset_ibfk_1` FOREIGN KEY (`user_id`) REFERENCES `user` (`user_id`) ON DELETE CASCADE ON UPDATE CASCADE,
  CONSTRAINT `asset_ibfk_2` FOREIGN KEY (`investment_id`) REFERENCES `investment` (`investment_id`) ON DELETE CASCADE ON UPDATE CASCADE
) ENGINE = InnoDB AUTO_INCREMENT = 13 CHARACTER SET = utf8mb4 COLLATE = utf8mb4_0900_ai_ci ROW_FORMAT = Dynamic;

-- ----------------------------
-- Records of asset
-- ----------------------------
INSERT INTO `asset` VALUES (9, 2, 118, 51.3, '2024-05-27 20:28:02', '2024-05-27 20:28:02', -288.1387252179979, -62.18695089638094);
INSERT INTO `asset` VALUES (10, 2, 132, 2.67, '2024-05-27 20:28:02', '2024-05-27 20:28:03', -8.102871802779315, 0);
INSERT INTO `asset` VALUES (11, 2, 139, 3.14, '2024-05-27 20:28:02', '2024-05-27 20:28:03', -3.3490391874307597, 0);
INSERT INTO `asset` VALUES (12, 2, 111, 98, '2024-05-27 20:28:02', '2024-05-27 20:28:03', -359.88026985966803, 0);
INSERT INTO `asset` VALUES (13, 9, 111, 6, '2024-05-27 15:31:47', '2024-05-27 15:31:47', 0, 559.0011809485774);
INSERT INTO `asset` VALUES (14, 11, 115, 36.56, '2024-05-27 16:57:59', '2024-05-27 16:57:59', 0, 0);
INSERT INTO `asset` VALUES (15, 11, 117, 12.67, '2024-05-27 16:57:59', '2024-05-27 16:57:59', 0, 0);
INSERT INTO `asset` VALUES (16, 11, 120, 12, '2024-05-27 16:57:59', '2024-05-27 16:57:59', 0, 0);
INSERT INTO `asset` VALUES (17, 2, 112, 24, '2024-05-27 20:28:02', '2024-05-27 20:28:03', 0, 0);
INSERT INTO `asset` VALUES (18, 2, 121, 123, '2024-05-27 20:28:02', '2024-05-27 20:28:03', 0, 0);
INSERT INTO `asset` VALUES (19, 12, 111, 123, '2024-05-27 20:42:31', '2024-05-27 20:42:31', 0, 0);
INSERT INTO `asset` VALUES (20, 12, 130, 22, '2024-05-27 20:42:31', '2024-05-27 20:42:32', 0, 0);
INSERT INTO `asset` VALUES (21, 12, 139, 12, '2024-05-27 20:42:31', '2024-05-27 20:42:32', 0, 0);
INSERT INTO `asset` VALUES (22, 12, 133, 23, '2024-05-27 20:42:31', '2024-05-27 20:42:32', 0, 0);

-- ----------------------------
-- Table structure for investment
-- ----------------------------
DROP TABLE IF EXISTS `investment`;
CREATE TABLE `investment`  (
  `investment_id` int(0) NOT NULL AUTO_INCREMENT COMMENT '投资项目id',
  `name` varchar(255) CHARACTER SET utf8mb4 COLLATE utf8mb4_0900_ai_ci NULL DEFAULT NULL COMMENT '投资项目名',
  `description` varchar(255) CHARACTER SET utf8mb4 COLLATE utf8mb4_0900_ai_ci NULL DEFAULT NULL COMMENT '投资项目描述',
  `category` varchar(255) CHARACTER SET utf8mb4 COLLATE utf8mb4_0900_ai_ci NULL DEFAULT NULL COMMENT '投资项目分类',
  `initial_value` double NULL DEFAULT NULL COMMENT '初始市值',
  `current_value` double NULL DEFAULT NULL COMMENT '当前市值',
  `expected_return` double NULL DEFAULT NULL COMMENT '预期回报',
  `risk_level` int(0) NULL DEFAULT 0 COMMENT '风险等级',
  `created_at` timestamp(6) NULL DEFAULT CURRENT_TIMESTAMP(6) ON UPDATE CURRENT_TIMESTAMP(6) COMMENT '创建时间戳',
  `update_at` timestamp(6) NULL DEFAULT CURRENT_TIMESTAMP(6) ON UPDATE CURRENT_TIMESTAMP(6) COMMENT '上次更新时间戳',
  PRIMARY KEY (`investment_id`) USING BTREE
) ENGINE = InnoDB AUTO_INCREMENT = 141 CHARACTER SET = utf8mb4 COLLATE = utf8mb4_0900_ai_ci ROW_FORMAT = Dynamic;

-- ----------------------------
-- Records of investment
-- ----------------------------
INSERT INTO `investment` VALUES (111, '纳斯达克指数基金', '跟踪纳斯达克综合指数的表现', '基金', 100, 90.2170252138913, 20000, 4, '2024-05-27 18:52:06.288005', '2024-05-27 18:52:06.288005');
INSERT INTO `investment` VALUES (112, '上证50ETF', '反映上证50指数的ETF', '基金', 100, 99.29730636994876, 5000, 3, '2024-05-27 18:52:06.383113', '2024-05-27 18:52:06.383113');
INSERT INTO `investment` VALUES (113, '美国国债', '美国政府发行的低风险债券', '债券', 100, 98.05212796153995, 200, 1, '2024-05-27 18:52:06.474115', '2024-05-27 18:52:06.474115');
INSERT INTO `investment` VALUES (114, '标普500指数基金', '复制标准普尔500指数的表现', '基金', 100, 105.43428425413067, 10000, 2, '2024-05-27 18:52:06.576532', '2024-05-27 18:52:06.576532');
INSERT INTO `investment` VALUES (115, '阿里巴巴股票', '中国最大的电子商务公司之一', '股票', 100, 96.15510326896367, 50000, 4, '2024-05-27 18:52:06.649350', '2024-05-27 18:52:06.649350');
INSERT INTO `investment` VALUES (116, '房地产信托基金', '投资于多个房地产项目的REIT', '房地产', 100, 102.46440289292966, 30000, 3, '2024-05-27 18:52:06.715091', '2024-05-27 18:52:06.715091');
INSERT INTO `investment` VALUES (117, '黄金现货', '投资于黄金实物或黄金合约', '大宗商品', 100, 108.89852424222438, 1000, 2, '2024-05-27 18:52:06.773641', '2024-05-27 18:52:06.773641');
INSERT INTO `investment` VALUES (118, '纽约证券交易所', '美国最大的股票交易市场之一', '股票', 100, 94.98517956282353, 5000, 3, '2024-05-27 18:52:06.832314', '2024-05-27 18:52:06.832314');
INSERT INTO `investment` VALUES (119, '铜期货', '投资于铜的期货合约', '大宗商品', 100, 103.33993617288917, 2000, 3, '2024-05-27 18:52:06.885933', '2024-05-27 18:52:06.885933');
INSERT INTO `investment` VALUES (120, '东京房地产市场', '投资于东京市区的商业和居住物业', '房地产', 100, 103.10522682076716, 20000, 2, '2024-05-27 18:52:06.945087', '2024-05-27 18:52:06.945087');
INSERT INTO `investment` VALUES (121, '纽约时报股票', '美国著名的新闻媒体公司股票', '股票', 100, 103.20395658249465, 5000, 3, '2024-05-27 18:52:06.997154', '2024-05-27 18:52:06.997154');
INSERT INTO `investment` VALUES (122, '欧洲央行债券', '欧洲中央银行发行的稳定收益债券', '债券', 100, 96.38327543205327, 200, 1, '2024-05-27 18:52:07.051428', '2024-05-27 18:52:07.051428');
INSERT INTO `investment` VALUES (123, '阿姆斯特丹REIT', '投资于荷兰阿姆斯特丹的房地产', '房地产', 100, 105.6279534597926, 5000, 2, '2024-05-27 18:52:07.110773', '2024-05-27 18:52:07.110773');
INSERT INTO `investment` VALUES (124, '中国银行股票', '中国的大型国有银行股票', '股票', 100, 109.20858487245555, 20000, 2, '2024-05-27 18:52:07.166241', '2024-05-27 18:52:07.166241');
INSERT INTO `investment` VALUES (125, '硅谷科技基金', '投资于美国硅谷地区科技公司的基金', '基金', 100, 107.60843874376941, 15000, 4, '2024-05-27 18:52:07.223779', '2024-05-27 18:52:07.223779');
INSERT INTO `investment` VALUES (126, '沪深300指数基金', '跟踪沪深300指数的表现', '基金', 100, 102.37695340394266, 4000, 3, '2024-05-27 18:52:07.275707', '2024-05-27 18:52:07.275707');
INSERT INTO `investment` VALUES (127, '南非黄金矿业', '南非的主要黄金矿业投资项目', '大宗商品', 100, 104.78007977266093, 3000, 3, '2024-05-27 18:52:07.326958', '2024-05-27 18:52:07.326958');
INSERT INTO `investment` VALUES (128, '布拉德利大厦', '位于芝加哥的标志性办公楼投资', '房地产', 100, 105.50363160968207, 25000, 2, '2024-05-27 18:52:07.372578', '2024-05-27 18:52:07.372578');
INSERT INTO `investment` VALUES (129, '石油期货合约', '投资于国际市场的石油期货', '大宗商品', 100, 101.20331125290608, 3000, 4, '2024-05-27 18:52:07.426308', '2024-05-27 18:52:07.426308');
INSERT INTO `investment` VALUES (130, 'Facebook股票', '全球最大的社交媒体网络公司之一', '股票', 100, 96.2592193351945, 40000, 3, '2024-05-27 18:52:07.493703', '2024-05-27 18:52:07.493703');
INSERT INTO `investment` VALUES (131, '德国政府债券', '德国政府发行的低风险债券', '债券', 100, 100.4530788875804, 200, 1, '2024-05-27 18:52:07.535853', '2024-05-27 18:52:07.535853');
INSERT INTO `investment` VALUES (132, '新加坡房地产基金', '专注于新加坡市场的房地产投资基金', '房地产', 100, 96.96521655326617, 5000, 2, '2024-05-27 18:52:07.579512', '2024-05-27 18:52:07.579512');
INSERT INTO `investment` VALUES (133, '银行间债券市场基金', '投资于亚洲银行间债券市场', '债券', 100, 103.30457373565625, 1000, 2, '2024-05-27 18:52:07.627531', '2024-05-27 18:52:07.627531');
INSERT INTO `investment` VALUES (134, '国际大豆市场', '投资于国际大豆贸易市场', '大宗商品', 100, 103.74153446807982, 2000, 3, '2024-05-27 18:52:07.679286', '2024-05-27 18:52:07.679286');
INSERT INTO `investment` VALUES (135, '东京证券交易所', '日本最大的证券交易所股票', '股票', 100, 90.3555271915833, 5000, 3, '2024-05-27 18:52:07.728188', '2024-05-27 18:52:07.728188');
INSERT INTO `investment` VALUES (136, '香港商业地产', '投资于香港的商业房地产', '房地产', 100, 101.24918601132758, 20000, 2, '2024-05-27 18:52:07.778327', '2024-05-27 18:52:07.778327');
INSERT INTO `investment` VALUES (137, '钯金投资项目', '涉及钯金的采矿和贸易投资', '大宗商品', 100, 95.49356445138761, 2000, 4, '2024-05-27 18:52:07.857130', '2024-05-27 18:52:07.857130');
INSERT INTO `investment` VALUES (138, '亚马逊股票', '全球最大的电子商务和云计算公司之一', '股票', 100, 95.02756242411414, 60000, 3, '2024-05-27 18:52:07.971968', '2024-05-27 18:52:07.971968');
INSERT INTO `investment` VALUES (139, '北欧房地产投资', '涵盖瑞典、挪威和丹麦的房地产投资', '房地产', 100, 98.93342701037237, 8000, 2, '2024-05-27 18:52:08.077110', '2024-05-27 18:52:08.077110');
INSERT INTO `investment` VALUES (140, '铜期货投资', '专注于国际铜市场的期货合约', '大宗商品', 100, 104.02880135289816, 3000, 3, '2024-05-27 18:52:08.181566', '2024-05-27 18:52:08.181566');

-- ----------------------------
-- Table structure for investment_daily_change
-- ----------------------------
DROP TABLE IF EXISTS `investment_daily_change`;
CREATE TABLE `investment_daily_change`  (
  `change_id` int(0) NOT NULL AUTO_INCREMENT,
  `investment_id` int(0) NULL DEFAULT NULL,
  `date` datetime(0) NULL DEFAULT NULL,
  `opening_value` double NULL DEFAULT NULL,
  `closing_value` double NULL DEFAULT NULL,
  `high_value` double NULL DEFAULT NULL,
  `low_value` double NULL DEFAULT NULL,
  `change_value` double NULL DEFAULT NULL,
  `change_percent` double NULL DEFAULT NULL,
  `volume` double NULL DEFAULT NULL COMMENT '成交量',
  `created_at` timestamp(0) NULL DEFAULT CURRENT_TIMESTAMP(0) ON UPDATE CURRENT_TIMESTAMP(0) COMMENT '创建时间',
  PRIMARY KEY (`change_id`) USING BTREE,
  INDEX `investment_id`(`investment_id`) USING BTREE,
  CONSTRAINT `investment_daily_change_ibfk_1` FOREIGN KEY (`investment_id`) REFERENCES `investment` (`investment_id`) ON DELETE CASCADE ON UPDATE CASCADE
) ENGINE = InnoDB AUTO_INCREMENT = 421 CHARACTER SET = utf8mb4 COLLATE = utf8mb4_0900_ai_ci ROW_FORMAT = Dynamic;

-- ----------------------------
-- Records of investment_daily_change
-- ----------------------------
INSERT INTO `investment_daily_change` VALUES (151, 111, '2024-05-26 00:00:00', 100, 97.40630358260924, 102.74001611361712, 94.61632802508277, -2.593696417390764, -2.593696417390764, 8097.442413458405, '2024-05-26 00:15:39');
INSERT INTO `investment_daily_change` VALUES (152, 112, '2024-05-26 00:00:00', 100, 99.00160070429705, 100.75957056688569, 97.90530234707339, -0.9983992957029463, -0.9983992957029464, 8374.168129575351, '2024-05-26 00:15:39');
INSERT INTO `investment_daily_change` VALUES (153, 113, '2024-05-26 00:00:00', 100, 99.19801961401399, 101.45954893548226, 98.99302717215404, -0.8019803859860062, -0.8019803859860063, 8595.959556461097, '2024-05-26 00:15:39');
INSERT INTO `investment_daily_change` VALUES (154, 114, '2024-05-26 00:00:00', 100, 101.8903338950522, 102.95618117081918, 99.37385308566496, 1.8903338950521935, 1.8903338950521933, 4270.677282042034, '2024-05-26 00:15:39');
INSERT INTO `investment_daily_change` VALUES (155, 115, '2024-05-26 00:00:00', 100, 97.57317214155003, 102.45679858546235, 96.77127713323281, -2.4268278584499683, -2.4268278584499683, 5835.643825077036, '2024-05-26 00:15:40');
INSERT INTO `investment_daily_change` VALUES (156, 116, '2024-05-26 00:00:00', 100, 101.0633805232446, 103.18163004317219, 97.92644761244675, 1.063380523244598, 1.063380523244598, 4275.363553425616, '2024-05-26 00:15:40');
INSERT INTO `investment_daily_change` VALUES (157, 117, '2024-05-26 00:00:00', 100, 101.12197789595398, 102.35943072742602, 99.42531131782657, 1.1219778959539797, 1.1219778959539797, 9925.361705612151, '2024-05-26 00:15:40');
INSERT INTO `investment_daily_change` VALUES (158, 118, '2024-05-26 00:00:00', 100, 100.05804606460295, 101.89474044531512, 99.96144394129986, 0.0580460646029446, 0.05804606460294459, 2411.6700843075037, '2024-05-26 00:15:40');
INSERT INTO `investment_daily_change` VALUES (159, 119, '2024-05-26 00:00:00', 100, 99.67513343023965, 101.45676684625904, 98.29442792670706, -0.3248665697603409, -0.3248665697603409, 1482.1206404708323, '2024-05-26 00:15:40');
INSERT INTO `investment_daily_change` VALUES (160, 120, '2024-05-26 00:00:00', 100, 98.49432200443243, 101.33694024327866, 97.2722826391658, -1.5056779955675648, -1.5056779955675648, 5604.754767056352, '2024-05-26 00:15:40');
INSERT INTO `investment_daily_change` VALUES (161, 121, '2024-05-26 00:00:00', 100, 101.78714670995168, 103.09875197075664, 98.69610944709336, 1.7871467099516907, 1.7871467099516907, 7640.29361767349, '2024-05-26 00:15:40');
INSERT INTO `investment_daily_change` VALUES (162, 122, '2024-05-26 00:00:00', 100, 100.0739856312199, 100.84006719130136, 98.64581005598225, 0.07398563121990076, 0.07398563121990076, 4639.752993160902, '2024-05-26 00:15:40');
INSERT INTO `investment_daily_change` VALUES (163, 123, '2024-05-26 00:00:00', 100, 101.49416599613002, 102.95969274273385, 98.11739005629276, 1.4941659961300222, 1.4941659961300222, 1874.9339403684507, '2024-05-26 00:15:40');
INSERT INTO `investment_daily_change` VALUES (164, 124, '2024-05-26 00:00:00', 100, 101.30259956714376, 101.81933690810587, 98.97268143716764, 1.3025995671437536, 1.3025995671437536, 9578.655426841324, '2024-05-26 00:15:40');
INSERT INTO `investment_daily_change` VALUES (165, 125, '2024-05-26 00:00:00', 100, 102.61098940308301, 104.95032294333352, 98.40681640967888, 2.6109894030830034, 2.6109894030830034, 4553.23498186744, '2024-05-26 00:15:40');
INSERT INTO `investment_daily_change` VALUES (166, 126, '2024-05-26 00:00:00', 100, 98.68367480653555, 102.21684186578177, 97.91402190704987, -1.3163251934644549, -1.3163251934644549, 7799.870008715336, '2024-05-26 00:15:40');
INSERT INTO `investment_daily_change` VALUES (167, 127, '2024-05-26 00:00:00', 100, 100.81444408510771, 101.19148191542126, 98.85106196293526, 0.8144440851077055, 0.8144440851077056, 3628.206309275829, '2024-05-26 00:15:40');
INSERT INTO `investment_daily_change` VALUES (168, 128, '2024-05-26 00:00:00', 100, 101.72658275385342, 102.31490558271602, 98.35717243696593, 1.7265827538534224, 1.7265827538534224, 5324.524913572954, '2024-05-26 00:15:40');
INSERT INTO `investment_daily_change` VALUES (169, 129, '2024-05-26 00:00:00', 100, 98.83580777166152, 102.45463434171187, 98.40105340103884, -1.1641922283384833, -1.1641922283384833, 7388.62045970628, '2024-05-26 00:15:40');
INSERT INTO `investment_daily_change` VALUES (170, 130, '2024-05-26 00:00:00', 100, 102.0446226445736, 103.54877147120274, 97.80461261026291, 2.044622644573587, 2.044622644573587, 4593.577270193606, '2024-05-26 00:15:41');
INSERT INTO `investment_daily_change` VALUES (171, 131, '2024-05-26 00:00:00', 100, 99.52572992165264, 100.21305770373816, 99.27969844351692, -0.4742700783473631, -0.4742700783473631, 3679.300187525011, '2024-05-26 00:15:41');
INSERT INTO `investment_daily_change` VALUES (172, 132, '2024-05-26 00:00:00', 100, 98.79196420018022, 100.62308937251763, 98.18884156851362, -1.20803579981978, -1.20803579981978, 4359.790849264521, '2024-05-26 00:15:41');
INSERT INTO `investment_daily_change` VALUES (173, 133, '2024-05-26 00:00:00', 100, 100.75371411987454, 102.20428056883044, 99.38638721171273, 0.7537141198745427, 0.7537141198745427, 2505.8017332180298, '2024-05-26 00:15:41');
INSERT INTO `investment_daily_change` VALUES (174, 134, '2024-05-26 00:00:00', 100, 97.53824547216495, 100.1972432691626, 95.33203404683758, -2.4617545278350583, -2.4617545278350583, 9858.644025561298, '2024-05-26 00:15:41');
INSERT INTO `investment_daily_change` VALUES (175, 135, '2024-05-26 00:00:00', 100, 98.7520926515886, 100.25646220122539, 98.60192167992396, -1.247907348411403, -1.247907348411403, 1437.5622186930227, '2024-05-26 00:15:41');
INSERT INTO `investment_daily_change` VALUES (176, 136, '2024-05-26 00:00:00', 100, 100.65877587868789, 100.85836593054114, 99.97407134110342, 0.6587758786878877, 0.6587758786878877, 3922.2309969321427, '2024-05-26 00:15:41');
INSERT INTO `investment_daily_change` VALUES (177, 137, '2024-05-26 00:00:00', 100, 101.64765672983239, 102.82196213519914, 99.83122761395731, 1.6476567298323843, 1.647656729832384, 5723.570966435193, '2024-05-26 00:15:41');
INSERT INTO `investment_daily_change` VALUES (178, 138, '2024-05-26 00:00:00', 100, 99.70137984423627, 100.92552356794657, 98.08569478541379, -0.2986201557637236, -0.2986201557637236, 2200.218385810522, '2024-05-26 00:15:41');
INSERT INTO `investment_daily_change` VALUES (179, 139, '2024-05-26 00:00:00', 100, 98.93821246991806, 100.56949620488592, 98.39355990474887, -1.0617875300819364, -1.0617875300819364, 7534.627110385656, '2024-05-26 00:15:41');
INSERT INTO `investment_daily_change` VALUES (180, 140, '2024-05-26 00:00:00', 100, 100.55838309554866, 101.3570723110524, 98.76661044992126, 0.5583830955486607, 0.5583830955486607, 8151.920131291939, '2024-05-26 00:15:41');
INSERT INTO `investment_daily_change` VALUES (181, 111, '2024-05-26 00:00:00', 97.40630358260924, 95.76170914815665, 97.4474219749512, 95.72033041230752, -1.6445944344525893, -1.688386042755258, 1246.2476918032507, '2024-05-26 00:15:44');
INSERT INTO `investment_daily_change` VALUES (182, 112, '2024-05-26 00:00:00', 99.00160070429705, 98.29449972707951, 100.43220359660906, 96.75499716383267, -0.7071009772175368, -0.7142318631084982, 5973.553468051812, '2024-05-26 00:15:44');
INSERT INTO `investment_daily_change` VALUES (183, 113, '2024-05-26 00:00:00', 99.19801961401399, 97.83961084363357, 99.43770115827151, 96.3858446798057, -1.3584087703804166, -1.3693910177502278, 4176.2862982984, '2024-05-26 00:15:44');
INSERT INTO `investment_daily_change` VALUES (184, 114, '2024-05-26 00:00:00', 101.8903338950522, 101.20363776534631, 103.57593209846645, 99.55257354856181, -0.6866961297058746, -0.6739561089407919, 2124.7374845298673, '2024-05-26 00:15:44');
INSERT INTO `investment_daily_change` VALUES (185, 115, '2024-05-26 00:00:00', 97.57317214155003, 97.9624282608164, 99.29707952883622, 94.96326649560092, 0.3892561192663678, 0.39893764927686415, 4691.327407875333, '2024-05-26 00:15:44');
INSERT INTO `investment_daily_change` VALUES (186, 116, '2024-05-26 00:00:00', 101.0633805232446, 98.63811424791402, 101.6026661149805, 97.25975756727327, -2.4252662753305816, -2.3997478243593577, 8618.297727210267, '2024-05-26 00:15:44');
INSERT INTO `investment_daily_change` VALUES (187, 117, '2024-05-26 00:00:00', 101.12197789595398, 102.81209066980038, 104.56890806609414, 100.03942613322207, 1.6901127738464132, 1.6713604787135368, 2095.9170177119613, '2024-05-26 00:15:44');
INSERT INTO `investment_daily_change` VALUES (188, 118, '2024-05-26 00:00:00', 100.05804606460295, 98.65003209087203, 100.84966016909281, 98.44390310263576, -1.4080139737309225, -1.4071971511634673, 3737.438268917083, '2024-05-26 00:15:44');
INSERT INTO `investment_daily_change` VALUES (189, 119, '2024-05-26 00:00:00', 99.67513343023965, 100.31162453570369, 102.53740467148438, 98.72932111058111, 0.636491105464038, 0.6385655915971294, 5218.693005880183, '2024-05-26 00:15:44');
INSERT INTO `investment_daily_change` VALUES (190, 120, '2024-05-26 00:00:00', 98.49432200443243, 97.45816041132771, 98.74886992133406, 96.75970541960491, -1.0361615931047246, -1.052001345882756, 8344.34612356466, '2024-05-26 00:15:44');
INSERT INTO `investment_daily_change` VALUES (191, 121, '2024-05-26 00:00:00', 101.78714670995168, 103.66388425110041, 104.48612828160262, 100.4522709158282, 1.8767375411487321, 1.8437863736337983, 9109.476476288151, '2024-05-26 00:15:44');
INSERT INTO `investment_daily_change` VALUES (192, 122, '2024-05-26 00:00:00', 100.0739856312199, 100.59795912379086, 101.27031721758479, 99.09712567034093, 0.5239734925709563, 0.5235861140794749, 8444.286370544403, '2024-05-26 00:15:44');
INSERT INTO `investment_daily_change` VALUES (193, 123, '2024-05-26 00:00:00', 101.49416599613002, 102.66276413724604, 103.56747535895381, 100.78967806599523, 1.1685981411160211, 1.1513943975465346, 1761.388950657602, '2024-05-26 00:15:44');
INSERT INTO `investment_daily_change` VALUES (194, 124, '2024-05-26 00:00:00', 101.30259956714376, 102.77574493028405, 103.30372935751156, 99.3170121961328, 1.4731453631402913, 1.4542029221707038, 7169.255627902405, '2024-05-26 00:15:44');
INSERT INTO `investment_daily_change` VALUES (195, 125, '2024-05-26 00:00:00', 102.61098940308301, 100.45233684435009, 103.48973365483698, 97.95179450554879, -2.1586525587329226, -2.1037245340780864, 5272.055391219078, '2024-05-26 00:15:44');
INSERT INTO `investment_daily_change` VALUES (196, 126, '2024-05-26 00:00:00', 98.68367480653555, 97.8469001128399, 99.9673650401971, 95.50664616884, -0.8367746936956459, -0.8479362927415313, 1845.250672867468, '2024-05-26 00:15:44');
INSERT INTO `investment_daily_change` VALUES (197, 127, '2024-05-26 00:00:00', 100.81444408510771, 102.13907880468604, 102.19537874882587, 100.40016430449137, 1.3246347195783266, 1.3139334661807667, 8357.9573963975, '2024-05-26 00:15:44');
INSERT INTO `investment_daily_change` VALUES (198, 128, '2024-05-26 00:00:00', 101.72658275385342, 103.23387184914039, 103.27492580293573, 101.46207552443224, 1.507289095286965, 1.4817062113785284, 4307.221264494283, '2024-05-26 00:15:44');
INSERT INTO `investment_daily_change` VALUES (199, 129, '2024-05-26 00:00:00', 98.83580777166152, 98.34348775332518, 99.43263540383057, 96.52104395038079, -0.49232001833634814, -0.4981190819765906, 9635.997223723158, '2024-05-26 00:15:44');
INSERT INTO `investment_daily_change` VALUES (200, 130, '2024-05-26 00:00:00', 102.0446226445736, 99.92650612341015, 103.5144160456123, 97.57616361243305, -2.11811652116345, -2.0756767640181817, 5125.762998405843, '2024-05-26 00:15:45');
INSERT INTO `investment_daily_change` VALUES (201, 131, '2024-05-26 00:00:00', 99.52572992165264, 98.91161651902283, 99.55757231961385, 98.52463365484479, -0.6141134026298133, -0.617039837952706, 3586.337503781262, '2024-05-26 00:15:45');
INSERT INTO `investment_daily_change` VALUES (202, 132, '2024-05-26 00:00:00', 98.79196420018022, 98.70339688729507, 99.8098401320523, 97.11646780013673, -0.0885673128851533, -0.08965032085574398, 4909.616938719844, '2024-05-26 00:15:45');
INSERT INTO `investment_daily_change` VALUES (203, 133, '2024-05-26 00:00:00', 100.75371411987454, 99.08848519567226, 102.70049502847604, 98.09110784131701, -1.6652289242022837, -1.6527717501520898, 3610.5770759176485, '2024-05-26 00:15:45');
INSERT INTO `investment_daily_change` VALUES (204, 134, '2024-05-26 00:00:00', 97.53824547216495, 97.33808712756705, 97.53931506205608, 96.77291971177694, -0.2001583445979018, -0.20521011386761323, 8348.038637171529, '2024-05-26 00:15:45');
INSERT INTO `investment_daily_change` VALUES (205, 135, '2024-05-26 00:00:00', 98.7520926515886, 97.70105834228691, 99.96522746029366, 97.34560160267138, -1.0510343093016792, -1.0643159867101526, 9099.326393903508, '2024-05-26 00:15:45');
INSERT INTO `investment_daily_change` VALUES (206, 136, '2024-05-26 00:00:00', 100.65877587868789, 102.08692605404636, 102.70924314153814, 99.22756442176245, 1.4281501753584656, 1.4188034405262844, 9157.096057454506, '2024-05-26 00:15:45');
INSERT INTO `investment_daily_change` VALUES (207, 137, '2024-05-26 00:00:00', 101.64765672983239, 100.89918357728223, 103.11572416186308, 99.1792090745128, -0.7484731525501641, -0.7363407840669838, 5923.2449439334905, '2024-05-26 00:15:45');
INSERT INTO `investment_daily_change` VALUES (208, 138, '2024-05-26 00:00:00', 99.70137984423627, 101.03419186204684, 102.30788816602849, 97.81172361934271, 1.3328120178105651, 1.3368039839496915, 6593.960877437203, '2024-05-26 00:15:45');
INSERT INTO `investment_daily_change` VALUES (209, 139, '2024-05-26 00:00:00', 98.93821246991806, 100.47064713514355, 100.47626719645616, 98.10274513691957, 1.532434665225497, 1.5488804850718627, 2261.6033035961605, '2024-05-26 00:15:45');
INSERT INTO `investment_daily_change` VALUES (210, 140, '2024-05-26 00:00:00', 100.55838309554866, 102.50930548478998, 103.01961534976297, 98.51397931013291, 1.9509223892413121, 1.9400892587817198, 6703.256785095746, '2024-05-26 00:15:45');
INSERT INTO `investment_daily_change` VALUES (211, 111, '2024-05-26 00:00:00', 95.76170914815665, 96.02932898416655, 96.36845250853936, 94.19311544441611, 0.26761983600990596, 0.2794643479011647, 4182.431017592483, '2024-05-26 00:15:47');
INSERT INTO `investment_daily_change` VALUES (212, 112, '2024-05-26 00:00:00', 98.29449972707951, 98.81504367468087, 100.5702997835567, 98.02129670804979, 0.5205439476013546, 0.5295758654316118, 3959.524993990037, '2024-05-26 00:15:47');
INSERT INTO `investment_daily_change` VALUES (213, 113, '2024-05-26 00:00:00', 97.83961084363357, 96.37687221101591, 99.33405253322596, 95.94667301095171, -1.4627386326176617, -1.495037255366232, 7888.316122590964, '2024-05-26 00:15:47');
INSERT INTO `investment_daily_change` VALUES (214, 114, '2024-05-26 00:00:00', 101.20363776534631, 101.25891691864457, 101.9740282419801, 100.61481577077704, 0.05527915329825964, 0.05462170581894643, 1469.8697745599645, '2024-05-26 00:15:47');
INSERT INTO `investment_daily_change` VALUES (215, 115, '2024-05-26 00:00:00', 97.9624282608164, 99.84730247716536, 102.39078558887371, 96.10269802159489, 1.884874216348956, 1.9240787001835473, 8041.91325016418, '2024-05-26 00:15:47');
INSERT INTO `investment_daily_change` VALUES (216, 116, '2024-05-26 00:00:00', 98.63811424791402, 96.93967776966038, 98.92688231907995, 95.48640265843096, -1.6984364782536439, -1.721886606616227, 10400.848324887782, '2024-05-26 00:15:47');
INSERT INTO `investment_daily_change` VALUES (217, 117, '2024-05-26 00:00:00', 102.81209066980038, 103.88066424181781, 105.5860475859041, 102.6629888950563, 1.0685735720174339, 1.0393462141037002, 4085.229939991424, '2024-05-26 00:15:47');
INSERT INTO `investment_daily_change` VALUES (218, 118, '2024-05-26 00:00:00', 98.65003209087203, 96.76229087512726, 99.91103740015643, 94.66273173219497, -1.8877412157447617, -1.9135738486185776, 1793.6662125817252, '2024-05-26 00:15:47');
INSERT INTO `investment_daily_change` VALUES (219, 119, '2024-05-26 00:00:00', 100.31162453570369, 100.37557528149397, 101.8155878496362, 97.99177878611611, 0.06395074579028633, 0.06375207867112598, 8966.746974685122, '2024-05-26 00:15:48');
INSERT INTO `investment_daily_change` VALUES (220, 120, '2024-05-26 00:00:00', 97.45816041132771, 98.6394949455464, 99.80218263292105, 96.14113229912978, 1.1813345342186983, 1.2121453239347106, 6431.7398057004475, '2024-05-26 00:15:48');
INSERT INTO `investment_daily_change` VALUES (221, 121, '2024-05-26 00:00:00', 103.66388425110041, 103.22899344734597, 104.66796018214475, 102.59556361050659, -0.43489080375444383, -0.41952007383885714, 7190.439164676082, '2024-05-26 00:15:48');
INSERT INTO `investment_daily_change` VALUES (222, 122, '2024-05-26 00:00:00', 100.59795912379086, 100.59864897413927, 101.4745523483635, 99.8459169878827, 0.0006898503484052926, 0.0006857498446428689, 10924.691022192677, '2024-05-26 00:15:48');
INSERT INTO `investment_daily_change` VALUES (223, 123, '2024-05-26 00:00:00', 102.66276413724604, 104.03423247891361, 105.83054669160518, 102.13285520612506, 1.3714683416675622, 1.335896566971543, 1600.7585784971402, '2024-05-26 00:15:48');
INSERT INTO `investment_daily_change` VALUES (224, 124, '2024-05-26 00:00:00', 102.77574493028405, 103.09253489749833, 103.67779821477806, 102.02716172620897, 0.31678996721428204, 0.3082341727896698, 10672.833953126521, '2024-05-26 00:15:48');
INSERT INTO `investment_daily_change` VALUES (225, 125, '2024-05-26 00:00:00', 100.45233684435009, 98.60633074929784, 101.17563044558545, 97.19343136919127, -1.8460060950522426, -1.8376935301292303, 10817.640909953167, '2024-05-26 00:15:48');
INSERT INTO `investment_daily_change` VALUES (226, 126, '2024-05-26 00:00:00', 97.8469001128399, 99.86233903420195, 100.75610252282914, 96.19268288063284, 2.015438921362042, 2.059788219185052, 2876.217273572507, '2024-05-26 00:15:48');
INSERT INTO `investment_daily_change` VALUES (227, 127, '2024-05-26 00:00:00', 102.13907880468604, 104.1603179156213, 104.33582924960061, 101.08644905275791, 2.021239110935267, 1.9789086944873984, 1735.600032255098, '2024-05-26 00:15:48');
INSERT INTO `investment_daily_change` VALUES (228, 128, '2024-05-26 00:00:00', 103.23387184914039, 104.89447380688274, 105.08115341672509, 103.14780044953548, 1.6606019577423563, 1.6085824623230809, 5252.285945222504, '2024-05-26 00:15:48');
INSERT INTO `investment_daily_change` VALUES (229, 129, '2024-05-26 00:00:00', 98.34348775332518, 98.75873797304159, 99.99116846320656, 98.09637392401281, 0.41525021971641024, 0.42224475580730036, 4000.971207088503, '2024-05-26 00:15:48');
INSERT INTO `investment_daily_change` VALUES (230, 130, '2024-05-26 00:00:00', 99.92650612341015, 100.67097342323139, 101.91334175131648, 98.3018114070263, 0.7444672998212325, 0.7450148401083978, 8626.222473824135, '2024-05-26 00:15:48');
INSERT INTO `investment_daily_change` VALUES (231, 131, '2024-05-26 00:00:00', 98.91161651902283, 98.62521946469981, 99.71877100968563, 98.43040237086224, -0.2863970543230174, -0.28954845184229405, 5881.366583084033, '2024-05-26 00:15:48');
INSERT INTO `investment_daily_change` VALUES (232, 132, '2024-05-26 00:00:00', 98.70339688729507, 97.39229308752215, 99.68464621478637, 95.6458898959273, -1.3111037997729205, -1.328326928069163, 4058.031151006988, '2024-05-26 00:15:48');
INSERT INTO `investment_daily_change` VALUES (233, 133, '2024-05-26 00:00:00', 99.08848519567226, 99.10815138220435, 100.9346289867845, 97.71673493567766, 0.019666186532096668, 0.01984709574806942, 3441.404569247374, '2024-05-26 00:15:48');
INSERT INTO `investment_daily_change` VALUES (234, 134, '2024-05-26 00:00:00', 97.33808712756705, 98.4101062491503, 100.02422952260068, 96.13446683119936, 1.0720191215832509, 1.1013357188520763, 7670.429045353155, '2024-05-26 00:15:48');
INSERT INTO `investment_daily_change` VALUES (235, 135, '2024-05-26 00:00:00', 97.70105834228691, 97.90286682408933, 99.32836186126413, 96.96604099860623, 0.20180848180242064, 0.20655710923355886, 7438.777090345073, '2024-05-26 00:15:48');
INSERT INTO `investment_daily_change` VALUES (236, 136, '2024-05-26 00:00:00', 102.08692605404636, 102.55725477057895, 104.33670207480209, 100.16836454455138, 0.4703287165325937, 0.46071395693077744, 8841.604564585155, '2024-05-26 00:15:48');
INSERT INTO `investment_daily_change` VALUES (237, 137, '2024-05-26 00:00:00', 100.89918357728223, 98.51298873250055, 102.64606436663503, 98.0244558116715, -2.3861948447816848, -2.3649297845448016, 4854.715043205144, '2024-05-26 00:15:48');
INSERT INTO `investment_daily_change` VALUES (238, 138, '2024-05-26 00:00:00', 101.03419186204684, 98.90613295347191, 103.41487508353141, 98.33794725490375, -2.128058908574923, -2.106275973861005, 9926.906236136714, '2024-05-26 00:15:48');
INSERT INTO `investment_daily_change` VALUES (239, 139, '2024-05-26 00:00:00', 100.47064713514355, 100.66701538987014, 101.64148739153785, 98.54221211204225, 0.1963682547265978, 0.19544838251361307, 4472.916780492704, '2024-05-26 00:15:48');
INSERT INTO `investment_daily_change` VALUES (240, 140, '2024-05-26 00:00:00', 102.50930548478998, 100.14304513870376, 103.888068809888, 99.76134288263385, -2.3662603460862233, -2.308337116221436, 8173.525284694276, '2024-05-26 00:15:48');
INSERT INTO `investment_daily_change` VALUES (241, 111, '2024-05-26 00:00:00', 96.02932898416655, 94.53418458557485, 98.42831421465372, 92.36982180892424, -1.4951443985916981, -1.556966412665676, 8421.000015425358, '2024-05-26 00:15:50');
INSERT INTO `investment_daily_change` VALUES (242, 112, '2024-05-26 00:00:00', 98.81504367468087, 100.8884246761133, 102.33125838050908, 97.53647061370431, 2.0733810014324376, 2.0982442797459337, 2992.2339834224304, '2024-05-26 00:15:50');
INSERT INTO `investment_daily_change` VALUES (243, 113, '2024-05-26 00:00:00', 96.37687221101591, 96.34493220140624, 97.86191922880175, 95.48591422726402, -0.03194000960967228, -0.03314074100655606, 4088.5420484943593, '2024-05-26 00:15:51');
INSERT INTO `investment_daily_change` VALUES (244, 114, '2024-05-26 00:00:00', 101.25891691864457, 102.4911189671403, 104.03647031197694, 100.63589215368472, 1.2322020484957177, 1.2168825087134971, 4250.241196792822, '2024-05-26 00:15:51');
INSERT INTO `investment_daily_change` VALUES (245, 115, '2024-05-26 00:00:00', 99.84730247716536, 100.36609949974245, 102.04250928626472, 98.51432000172748, 0.5187970225770933, 0.5195904242838607, 3335.7672940459775, '2024-05-26 00:15:51');
INSERT INTO `investment_daily_change` VALUES (246, 116, '2024-05-26 00:00:00', 96.93967776966038, 97.15751525034875, 98.83559213499832, 95.34487396104333, 0.21783748068837583, 0.22471446749181723, 9749.230444490926, '2024-05-26 00:15:51');
INSERT INTO `investment_daily_change` VALUES (247, 117, '2024-05-26 00:00:00', 103.88066424181781, 104.74029831506192, 104.90987838542759, 102.04058402810603, 0.8596340732441031, 0.8275207706055965, 8406.94872142264, '2024-05-26 00:15:51');
INSERT INTO `investment_daily_change` VALUES (248, 118, '2024-05-26 00:00:00', 96.76229087512726, 97.66872113616353, 99.6403226047172, 95.68908856470219, 0.9064302610362568, 0.9367598191799886, 2552.638402547401, '2024-05-26 00:15:51');
INSERT INTO `investment_daily_change` VALUES (249, 119, '2024-05-26 00:00:00', 100.37557528149397, 100.99998094434228, 101.94148732008306, 98.27538055581554, 0.6244056628483132, 0.6220693242327385, 6462.582859070506, '2024-05-26 00:15:51');
INSERT INTO `investment_daily_change` VALUES (250, 120, '2024-05-26 00:00:00', 98.6394949455464, 97.82781017880133, 99.29538154555698, 96.13512783290363, -0.8116847667450691, -0.8228800919886674, 1326.2417788716475, '2024-05-26 00:15:51');
INSERT INTO `investment_daily_change` VALUES (251, 121, '2024-05-26 00:00:00', 103.22899344734597, 103.13135426045805, 103.49421675188468, 102.09027941695429, -0.09763918688792288, -0.0945850420770844, 7144.401623551801, '2024-05-26 00:15:51');
INSERT INTO `investment_daily_change` VALUES (252, 122, '2024-05-26 00:00:00', 100.59864897413927, 99.15469752812366, 101.94718609694654, 98.94096802291374, -1.4439514460156062, -1.4353586859668468, 9356.11100087488, '2024-05-26 00:15:51');
INSERT INTO `investment_daily_change` VALUES (253, 123, '2024-05-26 00:00:00', 104.03423247891361, 102.24794907027781, 105.13958495051543, 100.45042705571248, -1.7862834086358028, -1.7170150306033731, 10087.283676606594, '2024-05-26 00:15:51');
INSERT INTO `investment_daily_change` VALUES (254, 124, '2024-05-26 00:00:00', 103.09253489749833, 101.20531297927455, 103.10728200025697, 100.81248972940433, -1.8872219182237742, -1.8306096751817962, 10407.993958494562, '2024-05-26 00:15:51');
INSERT INTO `investment_daily_change` VALUES (255, 125, '2024-05-26 00:00:00', 98.60633074929784, 97.80890052892687, 99.61887203308108, 97.57982669947026, -0.7974302203709679, -0.8087008352419058, 1792.1276036268732, '2024-05-26 00:15:51');
INSERT INTO `investment_daily_change` VALUES (256, 126, '2024-05-26 00:00:00', 99.86233903420195, 100.70111186013881, 101.49072850582334, 99.5695196611756, 0.8387728259368513, 0.8399290804209775, 2092.1948713242837, '2024-05-26 00:15:51');
INSERT INTO `investment_daily_change` VALUES (257, 127, '2024-05-26 00:00:00', 104.1603179156213, 102.88002225372747, 104.85116119938051, 102.50194513110526, -1.2802956618938293, -1.2291587501979184, 3773.750287239873, '2024-05-26 00:15:51');
INSERT INTO `investment_daily_change` VALUES (258, 128, '2024-05-26 00:00:00', 104.89447380688274, 105.99636444500089, 107.86306716759016, 103.73157770222853, 1.101890638118143, 1.0504753950592214, 9898.006829295124, '2024-05-26 00:15:51');
INSERT INTO `investment_daily_change` VALUES (259, 129, '2024-05-26 00:00:00', 98.75873797304159, 100.07200587906533, 102.26184806904745, 96.45616141424696, 1.3132679060237424, 1.3297738842938924, 6397.870757706714, '2024-05-26 00:15:51');
INSERT INTO `investment_daily_change` VALUES (260, 130, '2024-05-26 00:00:00', 100.67097342323139, 99.66255960004077, 101.25684826338728, 97.6272721388941, -1.0084138231906246, -1.001692731181953, 7561.763895176454, '2024-05-26 00:15:52');
INSERT INTO `investment_daily_change` VALUES (261, 131, '2024-05-26 00:00:00', 98.62521946469981, 99.90255029941028, 100.02437357247102, 98.27661525834658, 1.2773308347104624, 1.2951361139101423, 5321.244607466876, '2024-05-26 00:15:52');
INSERT INTO `investment_daily_change` VALUES (262, 132, '2024-05-26 00:00:00', 97.39229308752215, 98.00590342996628, 99.93209035773656, 96.65084946206285, 0.6136103424441328, 0.6300399374442374, 1932.5725849409173, '2024-05-26 00:15:52');
INSERT INTO `investment_daily_change` VALUES (263, 133, '2024-05-26 00:00:00', 99.10815138220435, 100.87721511886545, 101.31225962223148, 98.68106775672389, 1.7690637366611002, 1.7849830836202534, 9949.009922086803, '2024-05-26 00:15:52');
INSERT INTO `investment_daily_change` VALUES (264, 134, '2024-05-26 00:00:00', 98.4101062491503, 98.42113567827998, 99.98736269838385, 98.07614094401487, 0.011029429129683355, 0.011207618353504811, 2999.7874966744575, '2024-05-26 00:15:52');
INSERT INTO `investment_daily_change` VALUES (265, 135, '2024-05-26 00:00:00', 97.90286682408933, 95.68515299293708, 98.27170147954764, 94.56409606795053, -2.217713831152259, -2.2652184793904144, 5823.307505263182, '2024-05-26 00:15:52');
INSERT INTO `investment_daily_change` VALUES (266, 136, '2024-05-26 00:00:00', 102.55725477057895, 101.96219323642427, 103.41629298774768, 101.60073091044848, -0.5950615341546742, -0.5802237350110722, 2246.29306474451, '2024-05-26 00:15:52');
INSERT INTO `investment_daily_change` VALUES (267, 137, '2024-05-26 00:00:00', 98.51298873250055, 100.78780957231054, 101.18147895748365, 97.76135099425234, 2.274820839809994, 2.3091582836726023, 5357.238659819185, '2024-05-26 00:15:52');
INSERT INTO `investment_daily_change` VALUES (268, 138, '2024-05-26 00:00:00', 98.90613295347191, 97.37968806862958, 99.54883799036443, 96.28435952141227, -1.5264448848423404, -1.5433268284388602, 4991.651814064666, '2024-05-26 00:15:52');
INSERT INTO `investment_daily_change` VALUES (269, 139, '2024-05-26 00:00:00', 100.66701538987014, 102.39655422219923, 104.30063741758951, 98.97153003808135, 1.7295388323290868, 1.718078981114926, 3828.2211416758173, '2024-05-26 00:15:52');
INSERT INTO `investment_daily_change` VALUES (270, 140, '2024-05-26 00:00:00', 100.14304513870376, 101.00087517009149, 102.14143008820801, 99.4545990745371, 0.8578300313877335, 0.8566047000064664, 4889.184294918588, '2024-05-26 00:15:52');
INSERT INTO `investment_daily_change` VALUES (271, 111, '2024-05-26 00:00:00', 94.53418458557485, 93.02359018398265, 94.57775327657474, 91.38226300117822, -1.5105944015922017, -1.5979345548009372, 2438.288918584524, '2024-05-26 15:24:39');
INSERT INTO `investment_daily_change` VALUES (272, 112, '2024-05-26 00:00:00', 100.8884246761133, 100.16338149356905, 102.96798472583933, 98.05137017196523, -0.7250431825442537, -0.7186584435943894, 5951.018611126008, '2024-05-26 15:24:39');
INSERT INTO `investment_daily_change` VALUES (273, 113, '2024-05-26 00:00:00', 96.34493220140624, 96.41217447636554, 96.92200101266052, 96.31906244121554, 0.06724227495930235, 0.0697932661561631, 10241.834728203774, '2024-05-26 15:24:39');
INSERT INTO `investment_daily_change` VALUES (274, 114, '2024-05-26 00:00:00', 102.4911189671403, 104.41003676258434, 104.73599189332273, 100.66682078163585, 1.9189177954440506, 1.8722771443828954, 7885.221938028721, '2024-05-26 15:24:39');
INSERT INTO `investment_daily_change` VALUES (275, 115, '2024-05-26 00:00:00', 100.36609949974245, 99.98444398678323, 103.35725630880192, 98.74719462839344, -0.3816555129592186, -0.38026337066152305, 1828.211469326584, '2024-05-26 15:24:39');
INSERT INTO `investment_daily_change` VALUES (276, 116, '2024-05-26 00:00:00', 97.15751525034875, 98.72930790466957, 100.3513645641776, 95.15686486755476, 1.5717926543208116, 1.6177777398595727, 5994.456207719525, '2024-05-26 15:24:39');
INSERT INTO `investment_daily_change` VALUES (277, 117, '2024-05-26 00:00:00', 104.74029831506192, 104.09562325474873, 105.26655973854176, 102.36577501006167, -0.6446750603131854, -0.6154985909759239, 3028.74501470251, '2024-05-26 15:24:39');
INSERT INTO `investment_daily_change` VALUES (278, 118, '2024-05-26 00:00:00', 97.66872113616353, 98.37385538209578, 100.82340886563118, 96.01248381762012, 0.7051342459322589, 0.7219652696682755, 10114.873151212152, '2024-05-26 15:24:39');
INSERT INTO `investment_daily_change` VALUES (279, 119, '2024-05-26 00:00:00', 100.99998094434228, 100.65379629454897, 102.18319651604081, 99.18566733792935, -0.3461846497933216, -0.34275714367123733, 7325.185689603355, '2024-05-26 15:24:39');
INSERT INTO `investment_daily_change` VALUES (280, 120, '2024-05-26 00:00:00', 97.82781017880133, 99.13517307648668, 100.2771633714612, 95.93533804014334, 1.3073628976853466, 1.336391865764817, 6797.995213983395, '2024-05-26 15:24:39');
INSERT INTO `investment_daily_change` VALUES (281, 121, '2024-05-26 00:00:00', 103.13135426045805, 102.42116369220518, 104.18572868345247, 101.06565924383543, -0.710190568252874, -0.6886272107503688, 5189.469569301363, '2024-05-26 15:24:39');
INSERT INTO `investment_daily_change` VALUES (282, 122, '2024-05-26 00:00:00', 99.15469752812366, 99.22769154185323, 99.96277622898623, 97.85746141813003, 0.0729940137295719, 0.07361629408316062, 6309.47353307589, '2024-05-26 15:24:39');
INSERT INTO `investment_daily_change` VALUES (283, 123, '2024-05-26 00:00:00', 102.24794907027781, 102.11454591285998, 104.22780974277559, 101.38247900732583, -0.13340315741782963, -0.1304702525877932, 5626.239735920402, '2024-05-26 15:24:39');
INSERT INTO `investment_daily_change` VALUES (284, 124, '2024-05-26 00:00:00', 101.20531297927455, 101.84353666599345, 102.32274918486672, 99.30019580134527, 0.6382236867189063, 0.6306227093528238, 3412.636712918825, '2024-05-26 15:24:39');
INSERT INTO `investment_daily_change` VALUES (285, 125, '2024-05-26 00:00:00', 97.80890052892687, 98.10399940345515, 100.55814014523722, 97.00717205464875, 0.29509887452827477, 0.30170963269441886, 8707.18758078846, '2024-05-26 15:24:39');
INSERT INTO `investment_daily_change` VALUES (286, 126, '2024-05-26 00:00:00', 100.70111186013881, 100.13493782672334, 101.5381163030928, 98.75887620883884, -0.56617403341547, -0.5622321570806632, 1975.891324185234, '2024-05-26 15:24:39');
INSERT INTO `investment_daily_change` VALUES (287, 127, '2024-05-26 00:00:00', 102.88002225372747, 104.22552163148767, 104.44223315972879, 100.69590077984323, 1.3454993777601894, 1.3078334824246602, 10386.278746020986, '2024-05-26 15:24:40');
INSERT INTO `investment_daily_change` VALUES (288, 128, '2024-05-26 00:00:00', 105.99636444500089, 105.31003657251405, 107.73216929309272, 104.6696355920067, -0.6863278724868466, -0.647501332786717, 5943.038216501224, '2024-05-26 15:24:40');
INSERT INTO `investment_daily_change` VALUES (289, 129, '2024-05-26 00:00:00', 100.07200587906533, 98.19914069601438, 102.24604940746283, 97.44783121876776, -1.8728651830509409, -1.8715175803653366, 3384.9244620156605, '2024-05-26 15:24:40');
INSERT INTO `investment_daily_change` VALUES (290, 130, '2024-05-26 00:00:00', 99.66255960004077, 99.66932359515438, 100.92207105749466, 99.32605247005942, 0.006763995113620185, 0.006786896845480395, 1705.5653458083489, '2024-05-26 15:24:40');
INSERT INTO `investment_daily_change` VALUES (291, 131, '2024-05-26 00:00:00', 99.90255029941028, 98.61128174677962, 100.81717642521181, 97.76855269712348, -1.2912685526306487, -1.2925281174111038, 10436.162800082346, '2024-05-26 15:24:40');
INSERT INTO `investment_daily_change` VALUES (292, 132, '2024-05-26 00:00:00', 98.00590342996628, 99.22700681872804, 100.38507261529529, 96.12365134251019, 1.221103388761766, 1.245948811271711, 9415.982324781584, '2024-05-26 15:24:40');
INSERT INTO `investment_daily_change` VALUES (293, 133, '2024-05-26 00:00:00', 100.87721511886545, 102.0876926124419, 103.24419312035388, 100.67927623832921, 1.210477493576442, 1.1999513390116037, 8676.910671394551, '2024-05-26 15:24:40');
INSERT INTO `investment_daily_change` VALUES (294, 134, '2024-05-26 00:00:00', 98.42113567827998, 99.30764654630441, 100.06367594291042, 97.30305754847463, 0.8865108680244326, 0.9007322074826168, 3281.2553854473517, '2024-05-26 15:24:40');
INSERT INTO `investment_daily_change` VALUES (295, 135, '2024-05-26 00:00:00', 95.68515299293708, 93.92612075348397, 96.46139151086776, 92.30892413965692, -1.7590322394531062, -1.8383544201292628, 6477.3487818062395, '2024-05-26 15:24:40');
INSERT INTO `investment_daily_change` VALUES (296, 136, '2024-05-26 00:00:00', 101.96219323642427, 100.03579487932018, 102.27044751541301, 98.5867105942719, -1.9263983571040868, -1.8893261276140474, 3375.409079991138, '2024-05-26 15:24:40');
INSERT INTO `investment_daily_change` VALUES (297, 137, '2024-05-26 00:00:00', 100.78780957231054, 99.17134631810396, 102.01190592634596, 97.93293571137987, -1.6164632542065773, -1.6038281425759535, 6496.504620551206, '2024-05-26 15:24:40');
INSERT INTO `investment_daily_change` VALUES (298, 138, '2024-05-26 00:00:00', 97.37968806862958, 97.84566524878687, 97.89386838921612, 97.18043055415671, 0.46597718015729367, 0.478515786401873, 4010.354824509461, '2024-05-26 15:24:40');
INSERT INTO `investment_daily_change` VALUES (299, 139, '2024-05-26 00:00:00', 102.39655422219923, 102.43008755074872, 102.88862709670956, 100.41865261203847, 0.03353332854949303, 0.032748493154101777, 1253.0932336772785, '2024-05-26 15:24:40');
INSERT INTO `investment_daily_change` VALUES (300, 140, '2024-05-26 00:00:00', 101.00087517009149, 101.38619129231026, 103.11251239527819, 99.02698552609547, 0.3853161222187628, 0.38149780540997047, 6204.0097059693135, '2024-05-26 15:24:40');
INSERT INTO `investment_daily_change` VALUES (301, 111, '2024-05-26 00:00:00', 93.02359018398265, 92.24284333354187, 93.92323805897009, 92.02666360232706, -0.7807468504407837, -0.8392998473791622, 10000.678252529377, '2024-05-26 15:24:42');
INSERT INTO `investment_daily_change` VALUES (302, 112, '2024-05-26 00:00:00', 100.16338149356905, 101.87924092761365, 103.62958567693228, 98.7926502067145, 1.715859434044598, 1.713060610034181, 4284.766923728519, '2024-05-26 15:24:42');
INSERT INTO `investment_daily_change` VALUES (303, 113, '2024-05-26 00:00:00', 96.41217447636554, 95.7630820487668, 96.95875254902447, 94.39427391201384, -0.6490924275987264, -0.6732473685238215, 8196.219112115523, '2024-05-26 15:24:42');
INSERT INTO `investment_daily_change` VALUES (304, 114, '2024-05-26 00:00:00', 104.41003676258434, 103.64319375560491, 105.75040445110521, 102.19471756064071, -0.7668430069794239, -0.7344533444836641, 9171.383148525294, '2024-05-26 15:24:43');
INSERT INTO `investment_daily_change` VALUES (305, 115, '2024-05-26 00:00:00', 99.98444398678323, 102.48702861354855, 103.6728972193157, 97.83701659378606, 2.5025846267653127, 2.502973989729967, 3351.0625338273394, '2024-05-26 15:24:43');
INSERT INTO `investment_daily_change` VALUES (306, 116, '2024-05-26 00:00:00', 98.72930790466957, 97.53163483299898, 100.28498131530151, 95.59682942518542, -1.1976730716705932, -1.2130876809417472, 3367.341711598848, '2024-05-26 15:24:43');
INSERT INTO `investment_daily_change` VALUES (307, 117, '2024-05-26 00:00:00', 104.09562325474873, 102.51688785679474, 104.34811577668762, 101.57985296755129, -1.5787353979539922, -1.5166203425195133, 3553.443834820096, '2024-05-26 15:24:43');
INSERT INTO `investment_daily_change` VALUES (308, 118, '2024-05-26 00:00:00', 98.37385538209578, 98.42248398347907, 100.76795962500054, 97.3461213732383, 0.0486286013832831, 0.04943244441767969, 5208.756385308666, '2024-05-26 15:24:43');
INSERT INTO `investment_daily_change` VALUES (309, 119, '2024-05-26 00:00:00', 100.65379629454897, 102.9809926002774, 105.29494932140527, 98.3731265676476, 2.3271963057284313, 2.31208001228113, 7451.559193261842, '2024-05-26 15:24:43');
INSERT INTO `investment_daily_change` VALUES (310, 120, '2024-05-26 00:00:00', 99.13517307648668, 101.08407690266709, 102.9099667565798, 98.37850180243007, 1.948903826180415, 1.965905506289639, 2404.8775736407624, '2024-05-26 15:24:43');
INSERT INTO `investment_daily_change` VALUES (311, 121, '2024-05-26 00:00:00', 102.42116369220518, 101.4092201090817, 102.61275661838208, 99.81538643946625, -1.0119435831234882, -0.9880219542950797, 6986.271078995454, '2024-05-26 15:24:43');
INSERT INTO `investment_daily_change` VALUES (312, 122, '2024-05-26 00:00:00', 99.22769154185323, 100.59461639989848, 100.73186171684996, 97.84928576600825, 1.3669248580452587, 1.377563900565704, 7410.264258358205, '2024-05-26 15:24:43');
INSERT INTO `investment_daily_change` VALUES (313, 123, '2024-05-26 00:00:00', 102.11454591285998, 101.99085772378938, 103.67714675138035, 100.95005432800563, -0.12368818907060798, -0.12112690505048906, 6662.511778619248, '2024-05-26 15:24:43');
INSERT INTO `investment_daily_change` VALUES (314, 124, '2024-05-26 00:00:00', 101.84353666599345, 103.22145528391448, 104.88284696927562, 101.25018273866888, 1.3779186179210294, 1.3529760091109737, 9667.68314665519, '2024-05-26 15:24:43');
INSERT INTO `investment_daily_change` VALUES (315, 125, '2024-05-26 00:00:00', 98.10399940345515, 101.01357309379583, 102.37307779673118, 95.17956651809702, 2.9095736903406717, 2.965805377999909, 5648.44372275706, '2024-05-26 15:24:43');
INSERT INTO `investment_daily_change` VALUES (316, 126, '2024-05-26 00:00:00', 100.13493782672334, 100.87844051154069, 102.82285001989095, 97.73199738043171, 0.7435026848173494, 0.7425007704143483, 2260.7962054035993, '2024-05-26 15:24:43');
INSERT INTO `investment_daily_change` VALUES (317, 127, '2024-05-26 00:00:00', 104.22552163148767, 104.47908110907474, 104.77086203306129, 102.36818686186166, 0.25355947758707603, 0.24327964362087007, 1491.4417680409133, '2024-05-26 15:24:43');
INSERT INTO `investment_daily_change` VALUES (318, 128, '2024-05-26 00:00:00', 105.31003657251405, 104.52553753025856, 105.7235411207205, 104.11258467742451, -0.7844990422554843, -0.7449423319830455, 3015.7040628215673, '2024-05-26 15:24:43');
INSERT INTO `investment_daily_change` VALUES (319, 129, '2024-05-26 00:00:00', 98.19914069601438, 98.25043733540657, 101.18706467192058, 97.61004908292408, 0.051296639392185574, 0.05223736076365437, 6739.95994137325, '2024-05-26 15:24:43');
INSERT INTO `investment_daily_change` VALUES (320, 130, '2024-05-26 00:00:00', 99.66932359515438, 99.1168887794814, 100.68026599880716, 98.06564098375458, -0.5524348156729765, -0.5542676480046205, 2590.4008747175913, '2024-05-26 15:24:43');
INSERT INTO `investment_daily_change` VALUES (321, 131, '2024-05-26 00:00:00', 98.61128174677962, 99.48090831819887, 100.21515579421526, 98.0551401740736, 0.8696265714192403, 0.8818733070038813, 2260.344297218967, '2024-05-26 15:24:43');
INSERT INTO `investment_daily_change` VALUES (322, 132, '2024-05-26 00:00:00', 99.22700681872804, 101.17817882291433, 102.27145122907037, 98.68092244703294, 1.951172004186294, 1.9663719250856522, 4591.209700761607, '2024-05-26 15:24:43');
INSERT INTO `investment_daily_change` VALUES (323, 133, '2024-05-26 00:00:00', 102.0876926124419, 103.70960757292603, 104.62356634262505, 101.67446424727399, 1.621914960484133, 1.588746810687014, 3537.6531288955453, '2024-05-26 15:24:43');
INSERT INTO `investment_daily_change` VALUES (324, 134, '2024-05-26 00:00:00', 99.30764654630441, 101.63524469500459, 103.52929277461442, 98.20771948657384, 2.3275981487001802, 2.34382570693072, 5255.256148604928, '2024-05-26 15:24:43');
INSERT INTO `investment_daily_change` VALUES (325, 135, '2024-05-26 00:00:00', 93.92612075348397, 92.81683710116802, 94.01507951832902, 91.0199012861829, -1.1092836523159486, -1.1810172116309854, 8749.549984407606, '2024-05-26 15:24:43');
INSERT INTO `investment_daily_change` VALUES (326, 136, '2024-05-26 00:00:00', 100.03579487932018, 100.40158547923247, 100.9854069450241, 98.61327807170665, 0.3657905999122874, 0.36565971245949, 2738.0446374347357, '2024-05-26 15:24:43');
INSERT INTO `investment_daily_change` VALUES (327, 137, '2024-05-26 00:00:00', 99.17134631810396, 98.76079074988003, 101.12373211452459, 98.55854047035783, -0.41055556822393297, -0.4139860791110235, 9902.330653288385, '2024-05-26 15:24:43');
INSERT INTO `investment_daily_change` VALUES (328, 138, '2024-05-26 00:00:00', 97.84566524878687, 96.88881219621841, 97.92565973018341, 95.43747847126534, -0.9568530525684552, -0.9779207388855876, 8545.201222766864, '2024-05-26 15:24:43');
INSERT INTO `investment_daily_change` VALUES (329, 139, '2024-05-26 00:00:00', 102.43008755074872, 102.78653326519624, 103.14479315665758, 100.92391270321956, 0.35644571444752005, 0.34798927050698847, 10818.145328163515, '2024-05-26 15:24:43');
INSERT INTO `investment_daily_change` VALUES (330, 140, '2024-05-26 00:00:00', 101.38619129231026, 100.48185235454767, 103.24140524306267, 98.82237806889525, -0.9043389377625943, -0.8919744653936762, 6147.441299092311, '2024-05-26 15:24:43');
INSERT INTO `investment_daily_change` VALUES (331, 111, '2024-05-26 00:00:00', 92.24284333354187, 92.02289563884469, 95.08926059463685, 90.79742529289841, -0.21994769469718436, -0.23844418357950348, 8262.479864214403, '2024-05-26 15:24:44');
INSERT INTO `investment_daily_change` VALUES (332, 112, '2024-05-26 00:00:00', 101.87924092761365, 99.83958116169539, 103.80356067738776, 98.4772954896315, -2.0396597659182607, -2.0020366733665225, 4317.830369012174, '2024-05-26 15:24:44');
INSERT INTO `investment_daily_change` VALUES (333, 113, '2024-05-26 00:00:00', 95.7630820487668, 96.33522387803691, 96.90175033645689, 94.39857628131452, 0.5721418292701109, 0.5974555298656229, 5000.959053890193, '2024-05-26 15:24:44');
INSERT INTO `investment_daily_change` VALUES (334, 114, '2024-05-26 00:00:00', 103.64319375560491, 105.61529216815644, 105.88865002540852, 101.85181037438296, 1.9720984125515295, 1.9027765751814076, 5230.394928877697, '2024-05-26 15:24:44');
INSERT INTO `investment_daily_change` VALUES (335, 115, '2024-05-26 00:00:00', 102.48702861354855, 100.34696194050413, 103.43168436278526, 98.00920107650887, -2.140066673044417, -2.0881341785349656, 6074.53248728427, '2024-05-26 15:24:44');
INSERT INTO `investment_daily_change` VALUES (336, 116, '2024-05-26 00:00:00', 97.53163483299898, 97.556716476613, 98.08264790416615, 95.11178762311155, 0.025081643614030518, 0.025716418736317914, 9859.14979692501, '2024-05-26 15:24:44');
INSERT INTO `investment_daily_change` VALUES (337, 117, '2024-05-26 00:00:00', 102.51688785679474, 103.36834961361069, 104.17331298769561, 102.30810679052131, 0.8514617568159478, 0.8305575545810071, 2082.108523227521, '2024-05-26 15:24:45');
INSERT INTO `investment_daily_change` VALUES (338, 118, '2024-05-26 00:00:00', 98.42248398347907, 97.35332368200389, 99.4160722131484, 95.33975430924608, -1.0691603014751743, -1.0862968076020523, 5716.602137670911, '2024-05-26 15:24:45');
INSERT INTO `investment_daily_change` VALUES (339, 119, '2024-05-26 00:00:00', 102.9809926002774, 103.53227619379902, 103.59148166554219, 101.87581516928464, 0.5512835935216223, 0.5353255776640642, 5759.694631834352, '2024-05-26 15:24:45');
INSERT INTO `investment_daily_change` VALUES (340, 120, '2024-05-26 00:00:00', 101.08407690266709, 100.21109229035018, 102.18535477614779, 98.6645889230889, -0.872984612316917, -0.8636222826246964, 4470.796794925705, '2024-05-26 15:24:45');
INSERT INTO `investment_daily_change` VALUES (341, 121, '2024-05-26 00:00:00', 101.4092201090817, 100.82892477337253, 103.04398504256118, 99.74278029145039, -0.5802953357091737, -0.5722313366427373, 10645.110751140723, '2024-05-26 15:24:45');
INSERT INTO `investment_daily_change` VALUES (342, 122, '2024-05-26 00:00:00', 100.59461639989848, 99.12073394800034, 100.6406662779411, 98.74229558430878, -1.473882451898147, -1.4651703089546593, 9479.961920590766, '2024-05-26 15:24:45');
INSERT INTO `investment_daily_change` VALUES (343, 123, '2024-05-26 00:00:00', 101.99085772378938, 103.44401263399524, 104.80632756991763, 101.77705826798521, 1.4531549102058625, 1.4247893807710512, 3117.3363772618413, '2024-05-26 15:24:45');
INSERT INTO `investment_daily_change` VALUES (344, 124, '2024-05-26 00:00:00', 103.22145528391448, 105.20489091794262, 106.43355197244131, 102.02857150739341, 1.9834356340281398, 1.9215342668562712, 5783.821970288431, '2024-05-26 15:24:45');
INSERT INTO `investment_daily_change` VALUES (345, 125, '2024-05-26 00:00:00', 101.01357309379583, 102.79870376166964, 102.83502239387191, 100.7997372117926, 1.7851306678738184, 1.7672186154787743, 1599.5528898081238, '2024-05-26 15:24:45');
INSERT INTO `investment_daily_change` VALUES (346, 126, '2024-05-26 00:00:00', 100.87844051154069, 100.01672941848706, 102.6033136790494, 98.2661300405153, -0.8617110930536251, -0.854207389293497, 7590.637127497707, '2024-05-26 15:24:45');
INSERT INTO `investment_daily_change` VALUES (347, 127, '2024-05-26 00:00:00', 104.47908110907474, 103.09266549679018, 104.55477842105724, 102.82429720897927, -1.3864156122845588, -1.326979140290447, 9214.94652585286, '2024-05-26 15:24:45');
INSERT INTO `investment_daily_change` VALUES (348, 128, '2024-05-26 00:00:00', 104.52553753025856, 104.90808774927324, 105.77299954961543, 102.97638574985878, 0.3825502190146784, 0.36598732525430533, 10799.032725470508, '2024-05-26 15:24:45');
INSERT INTO `investment_daily_change` VALUES (349, 129, '2024-05-26 00:00:00', 98.25043733540657, 98.46570150522143, 100.63400943709976, 95.7162936220755, 0.21526416981485208, 0.21909741641147606, 8684.329257359263, '2024-05-26 15:24:45');
INSERT INTO `investment_daily_change` VALUES (350, 130, '2024-05-26 00:00:00', 99.1168887794814, 101.16031082347213, 103.40650523617563, 98.67158677069942, 2.043422043990731, 2.06162851674754, 10593.681528397998, '2024-05-26 15:24:45');
INSERT INTO `investment_daily_change` VALUES (351, 131, '2024-05-26 00:00:00', 99.48090831819887, 99.88608083133893, 99.94888930887966, 98.7037085599561, 0.40517251314006547, 0.4072867045444376, 10754.648275272539, '2024-05-26 15:24:45');
INSERT INTO `investment_daily_change` VALUES (352, 132, '2024-05-26 00:00:00', 101.17817882291433, 100.14621493764166, 101.64516597074002, 99.3419425187744, -1.031963885272676, -1.0199470847156245, 6653.900578456636, '2024-05-26 15:24:45');
INSERT INTO `investment_daily_change` VALUES (353, 133, '2024-05-26 00:00:00', 103.70960757292603, 102.19277150093187, 105.34570561841038, 102.15527641000726, -1.5168360719941605, -1.462580090207707, 9947.437088353734, '2024-05-26 15:24:45');
INSERT INTO `investment_daily_change` VALUES (354, 134, '2024-05-26 00:00:00', 101.63524469500459, 100.69069940162518, 102.71584675034617, 99.29989047792768, -0.9445452933794126, -0.9293481766230621, 1014.2265877905623, '2024-05-26 15:24:45');
INSERT INTO `investment_daily_change` VALUES (355, 135, '2024-05-26 00:00:00', 92.81683710116802, 91.16466947519662, 94.79340767055315, 89.37977676782354, -1.6521676259714049, -1.7800300867509455, 3916.2784184203415, '2024-05-26 15:24:45');
INSERT INTO `investment_daily_change` VALUES (356, 136, '2024-05-26 00:00:00', 100.40158547923247, 99.91586272471196, 101.08921181801583, 98.00913016845917, -0.4857227545205162, -0.4837799644319216, 6116.030166449622, '2024-05-26 15:24:45');
INSERT INTO `investment_daily_change` VALUES (357, 137, '2024-05-26 00:00:00', 98.76079074988003, 96.04328543094697, 100.4787442148948, 93.76763116170152, -2.7175053189330574, -2.751603443329415, 5202.337040971047, '2024-05-26 15:24:45');
INSERT INTO `investment_daily_change` VALUES (358, 138, '2024-05-26 00:00:00', 96.88881219621841, 94.8714650634864, 99.04594739804806, 93.27190991800289, -2.017347132732006, -2.082125982354383, 3089.2330888570855, '2024-05-26 15:24:45');
INSERT INTO `investment_daily_change` VALUES (359, 139, '2024-05-26 00:00:00', 102.78653326519624, 102.97554805569352, 104.20807908398142, 101.04698536474216, 0.18901479049728206, 0.1838906172753303, 6677.027313935762, '2024-05-26 15:24:45');
INSERT INTO `investment_daily_change` VALUES (360, 140, '2024-05-26 00:00:00', 100.48185235454767, 102.62535378198416, 103.87098573821733, 98.05429802444017, 2.1435014274364947, 2.1332224448582062, 2803.190901483108, '2024-05-26 15:24:45');
INSERT INTO `investment_daily_change` VALUES (361, 111, '2024-05-26 00:00:00', 92.02289563884469, 93.56854722798167, 95.05377223986228, 89.65598620769204, 1.5456515891369826, 1.6796380709460446, 4460.875704196673, '2024-05-26 15:24:46');
INSERT INTO `investment_daily_change` VALUES (362, 112, '2024-05-26 00:00:00', 99.83958116169539, 98.03974565153659, 101.74145371891532, 96.59566955596328, -1.799835510158796, -1.8027274245510594, 4725.802764618018, '2024-05-26 15:24:46');
INSERT INTO `investment_daily_change` VALUES (363, 113, '2024-05-26 00:00:00', 96.33522387803691, 95.52928464962449, 96.44000010517637, 94.17557273225071, -0.8059392284124329, -0.8365986977232487, 4607.643427150526, '2024-05-26 15:24:47');
INSERT INTO `investment_daily_change` VALUES (364, 114, '2024-05-26 00:00:00', 105.61529216815644, 103.51974469980969, 105.73699750659699, 102.87668889307884, -2.095547468346746, -1.9841326244785642, 1129.9113524621075, '2024-05-26 15:24:47');
INSERT INTO `investment_daily_change` VALUES (365, 115, '2024-05-26 00:00:00', 100.34696194050413, 101.60274523599014, 102.66477842334413, 98.11376168454522, 1.255783295486005, 1.251441270569368, 2342.7698814868672, '2024-05-26 15:24:47');
INSERT INTO `investment_daily_change` VALUES (366, 116, '2024-05-26 00:00:00', 97.556716476613, 99.4984571899864, 99.64466871368708, 97.3350574569639, 1.9417407133733948, 1.9903711230778076, 6686.055225966668, '2024-05-26 15:24:47');
INSERT INTO `investment_daily_change` VALUES (367, 117, '2024-05-26 00:00:00', 103.36834961361069, 105.06769486995465, 105.35824387356803, 102.66040354593403, 1.6993452563439668, 1.6439705796755906, 5145.199386749258, '2024-05-26 15:24:47');
INSERT INTO `investment_daily_change` VALUES (368, 118, '2024-05-26 00:00:00', 97.35332368200389, 97.85245134910207, 99.4918139550138, 96.06196487611118, 0.4991276670981818, 0.5126970998222297, 5980.63613011391, '2024-05-26 15:24:47');
INSERT INTO `investment_daily_change` VALUES (369, 119, '2024-05-26 00:00:00', 103.53227619379902, 105.6985719713612, 107.54830946421662, 101.75706702318482, 2.166295777562185, 2.0923868934429297, 3461.654811580646, '2024-05-26 15:24:47');
INSERT INTO `investment_daily_change` VALUES (370, 120, '2024-05-26 00:00:00', 100.21109229035018, 100.83188092460618, 100.98031170962989, 100.2030840664062, 0.6207886342559946, 0.6194809577140727, 3998.5647476575796, '2024-05-26 15:24:47');
INSERT INTO `investment_daily_change` VALUES (371, 121, '2024-05-26 00:00:00', 100.82892477337253, 102.6809928369873, 103.42069932882949, 99.0396754128021, 1.8520680636147677, 1.8368420250216455, 5342.420078679225, '2024-05-26 15:24:47');
INSERT INTO `investment_daily_change` VALUES (372, 122, '2024-05-26 00:00:00', 99.12073394800034, 99.96906987467695, 101.03137034714744, 98.21933799501322, 0.8483359266766144, 0.8558612238703351, 7109.444902320353, '2024-05-26 15:24:47');
INSERT INTO `investment_daily_change` VALUES (373, 123, '2024-05-26 00:00:00', 103.44401263399524, 104.5139673303441, 105.83720295820945, 102.53440747796381, 1.0699546963488538, 1.0343321658785207, 3787.6931227092427, '2024-05-26 15:24:47');
INSERT INTO `investment_daily_change` VALUES (374, 124, '2024-05-26 00:00:00', 105.20489091794262, 106.13043679352707, 107.52106826389823, 103.95374068775423, 0.9255458755844531, 0.8797555584239496, 4596.361606114944, '2024-05-26 15:24:47');
INSERT INTO `investment_daily_change` VALUES (375, 125, '2024-05-26 00:00:00', 102.79870376166964, 105.13951671590416, 107.34831225956754, 100.71519951246106, 2.3408129542345204, 2.2770841154393375, 8093.573894896277, '2024-05-26 15:24:47');
INSERT INTO `investment_daily_change` VALUES (376, 126, '2024-05-26 00:00:00', 100.01672941848706, 101.94967248951431, 102.9392461279624, 99.74890210562997, 1.9329430710272495, 1.9326197549806752, 3266.333912360472, '2024-05-26 15:24:47');
INSERT INTO `investment_daily_change` VALUES (377, 127, '2024-05-26 00:00:00', 103.09266549679018, 103.0393727614367, 104.78864634160692, 100.90191732037361, -0.05329273535348282, -0.05169401246603922, 2986.747574941118, '2024-05-26 15:24:47');
INSERT INTO `investment_daily_change` VALUES (378, 128, '2024-05-26 00:00:00', 104.90808774927324, 106.1983379958045, 106.64265870748793, 104.10564800904457, 1.2902502465312584, 1.2298863454788278, 10181.4946162998, '2024-05-26 15:24:47');
INSERT INTO `investment_daily_change` VALUES (379, 129, '2024-05-26 00:00:00', 98.46570150522143, 99.53003278181153, 101.11763583219823, 95.70586084440649, 1.0643312765900967, 1.080915750682645, 1836.9270624411674, '2024-05-26 15:24:47');
INSERT INTO `investment_daily_change` VALUES (380, 130, '2024-05-26 00:00:00', 101.16031082347213, 99.72303196840463, 102.43516742326372, 98.28316168349205, -1.4372788550674978, -1.420793237355304, 1050.0608196273934, '2024-05-26 15:24:47');
INSERT INTO `investment_daily_change` VALUES (381, 131, '2024-05-26 00:00:00', 99.88608083133893, 100.08778297969643, 100.18794691339345, 99.87078048982465, 0.2017021483574963, 0.20193218782712807, 2736.116473075391, '2024-05-26 15:24:47');
INSERT INTO `investment_daily_change` VALUES (382, 132, '2024-05-26 00:00:00', 100.14621493764166, 98.86072054325055, 100.89033716525076, 98.02834605702857, -1.2854943943911061, -1.2836175537852816, 4316.156581269552, '2024-05-26 15:24:47');
INSERT INTO `investment_daily_change` VALUES (383, 133, '2024-05-26 00:00:00', 102.19277150093187, 101.09080773199595, 104.10828813397295, 99.90472937667099, -1.1019637689359103, -1.0783187037117021, 8733.758892177873, '2024-05-26 15:24:47');
INSERT INTO `investment_daily_change` VALUES (384, 134, '2024-05-26 00:00:00', 100.69069940162518, 102.02939213445184, 103.84705240121886, 100.33135770389748, 1.338692732826657, 1.3295098164796837, 3487.550851162724, '2024-05-26 15:24:47');
INSERT INTO `investment_daily_change` VALUES (385, 135, '2024-05-26 00:00:00', 91.16466947519662, 89.13103450475056, 92.47179320993348, 87.75577902749336, -2.0336349704460615, -2.2307270811740914, 6016.829887438597, '2024-05-26 15:24:47');
INSERT INTO `investment_daily_change` VALUES (386, 136, '2024-05-26 00:00:00', 99.91586272471196, 98.08189365161098, 101.80258263507568, 97.67984642227329, -1.833969073100977, -1.8355134240835471, 2740.372877947207, '2024-05-26 15:24:47');
INSERT INTO `investment_daily_change` VALUES (387, 137, '2024-05-26 00:00:00', 96.04328543094697, 95.37318136952142, 98.09094097040207, 93.64417921114445, -0.6701040614255543, -0.697710473375408, 6323.940554897141, '2024-05-26 15:24:47');
INSERT INTO `investment_daily_change` VALUES (388, 138, '2024-05-26 00:00:00', 94.8714650634864, 94.5116188891691, 96.8479734803166, 92.77162666556998, -0.35984617431729476, -0.3792986374527807, 3339.8667227000215, '2024-05-26 15:24:47');
INSERT INTO `investment_daily_change` VALUES (389, 139, '2024-05-26 00:00:00', 102.97554805569352, 103.63105613702233, 105.43016106312255, 101.71010257907577, 0.6555080813288077, 0.6365667323025863, 2382.510780404047, '2024-05-26 15:24:47');
INSERT INTO `investment_daily_change` VALUES (390, 140, '2024-05-26 00:00:00', 102.62535378198416, 103.62952832631608, 105.22872387577307, 101.73567653971139, 1.0041745443319225, 0.9784858295983823, 10916.250571397157, '2024-05-26 15:24:47');
INSERT INTO `investment_daily_change` VALUES (391, 111, '2024-05-26 00:00:00', 93.56854722798167, 93.16686349142957, 94.12101592947188, 91.89046983516772, -0.4016837365521078, -0.42929354836876676, 7658.076714232977, '2024-05-26 15:24:49');
INSERT INTO `investment_daily_change` VALUES (392, 112, '2024-05-26 00:00:00', 98.03974565153659, 96.51213592366193, 98.29645193047321, 96.29369613176746, -1.5276097278746557, -1.5581534996064255, 6134.739274479303, '2024-05-26 15:24:49');
INSERT INTO `investment_daily_change` VALUES (393, 113, '2024-05-26 00:00:00', 95.52928464962449, 96.70502649353017, 97.42378826398624, 95.32796432302106, 1.1757418439056837, 1.2307658831718316, 4204.795897733211, '2024-05-26 15:24:49');
INSERT INTO `investment_daily_change` VALUES (394, 114, '2024-05-26 00:00:00', 103.51974469980969, 105.36598385027246, 106.47462827486561, 102.53740281599693, 1.8462391504627702, 1.7834657106396095, 3798.793645542911, '2024-05-26 15:24:49');
INSERT INTO `investment_daily_change` VALUES (395, 115, '2024-05-26 00:00:00', 101.60274523599014, 98.61392799219591, 104.57477201513883, 96.0277121286815, -2.9888172437942315, -2.9416697716702247, 4906.208600781802, '2024-05-26 15:24:49');
INSERT INTO `investment_daily_change` VALUES (396, 116, '2024-05-26 00:00:00', 99.4984571899864, 101.42023746235107, 101.9855372332107, 97.17826864886645, 1.92178027236467, 1.9314674082786476, 7925.662770640309, '2024-05-26 15:24:49');
INSERT INTO `investment_daily_change` VALUES (397, 117, '2024-05-26 00:00:00', 105.06769486995465, 106.95944894816004, 107.5214552840084, 104.00774027767771, 1.8917540782053897, 1.8005097385517677, 8895.32231069779, '2024-05-26 15:24:50');
INSERT INTO `investment_daily_change` VALUES (398, 118, '2024-05-26 00:00:00', 97.85245134910207, 96.65149058289445, 99.88956347777112, 94.18955034383734, -1.2009607662076205, -1.227318017739819, 2833.2760801823633, '2024-05-26 15:24:50');
INSERT INTO `investment_daily_change` VALUES (399, 119, '2024-05-26 00:00:00', 105.6985719713612, 107.97038110025817, 108.44655431101904, 105.22821458063396, 2.271809128896962, 2.1493281191277624, 1443.080092046173, '2024-05-26 15:24:50');
INSERT INTO `investment_daily_change` VALUES (400, 120, '2024-05-26 00:00:00', 100.83188092460618, 102.44086694272976, 104.03400719340324, 99.95855052854012, 1.6089860181235787, 1.5957115977303316, 2777.5513604216476, '2024-05-26 15:24:50');
INSERT INTO `investment_daily_change` VALUES (401, 121, '2024-05-26 00:00:00', 102.6809928369873, 102.50160724401164, 104.94131205740022, 100.08358720666547, -0.1793855929756635, -0.17470184892003304, 2104.2737230237854, '2024-05-26 15:24:50');
INSERT INTO `investment_daily_change` VALUES (402, 122, '2024-05-26 00:00:00', 99.96906987467695, 98.94143521007473, 101.30071562995387, 98.85823601758338, -1.0276346646022154, -1.0279526116332551, 5179.181193456621, '2024-05-26 15:24:50');
INSERT INTO `investment_daily_change` VALUES (403, 123, '2024-05-26 00:00:00', 104.5139673303441, 103.79466602610728, 105.9740355189879, 103.51115994379906, -0.7193013042368206, -0.6882346184058616, 7409.967021720494, '2024-05-26 15:24:50');
INSERT INTO `investment_daily_change` VALUES (404, 124, '2024-05-26 00:00:00', 106.13043679352707, 105.6546485993172, 106.82007680647797, 103.93604222646806, -0.4757881942098695, -0.44830513148221396, 4978.958116776128, '2024-05-26 15:24:50');
INSERT INTO `investment_daily_change` VALUES (405, 125, '2024-05-26 00:00:00', 105.13951671590416, 103.50659465928895, 106.35571491832847, 103.42008189336933, -1.63292205661521, -1.553100211624049, 6895.490193442107, '2024-05-26 15:24:50');
INSERT INTO `investment_daily_change` VALUES (406, 126, '2024-05-26 00:00:00', 101.94967248951431, 101.59009742238219, 102.05826196265873, 99.95791940681958, -0.35957506713212023, -0.35269859956548966, 10160.702406895045, '2024-05-26 15:24:50');
INSERT INTO `investment_daily_change` VALUES (407, 127, '2024-05-26 00:00:00', 103.0393727614367, 104.26609422543568, 106.75870037519088, 101.30383241298559, 1.2267214639989872, 1.190536618307228, 3753.0672596271265, '2024-05-26 15:24:50');
INSERT INTO `investment_daily_change` VALUES (408, 128, '2024-05-26 00:00:00', 106.1983379958045, 106.31218187764492, 107.37066403921698, 104.28761469251782, 0.11384388184042055, 0.10719930649471943, 10980.856577896468, '2024-05-26 15:24:50');
INSERT INTO `investment_daily_change` VALUES (409, 129, '2024-05-26 00:00:00', 99.53003278181153, 101.61793182560258, 103.75557602669616, 97.46336742757963, 2.087899043791048, 2.097757817851938, 3898.141050328227, '2024-05-26 15:24:50');
INSERT INTO `investment_daily_change` VALUES (410, 130, '2024-05-26 00:00:00', 99.72303196840463, 99.75406576871927, 100.95678277989074, 98.06352872047074, 0.031033800314645355, 0.031119992745986536, 7943.80520951906, '2024-05-26 15:24:50');
INSERT INTO `investment_daily_change` VALUES (411, 131, '2024-05-26 00:00:00', 100.08778297969643, 100.16857857147949, 100.4513842424926, 99.65482212703861, 0.08079559178305196, 0.0807247292103992, 9738.455213087378, '2024-05-26 15:24:50');
INSERT INTO `investment_daily_change` VALUES (412, 132, '2024-05-26 00:00:00', 98.86072054325055, 97.8170709821841, 99.41751696337275, 97.71815155330026, -1.043649561066449, -1.0556766684801402, 6061.985760226869, '2024-05-26 15:24:50');
INSERT INTO `investment_daily_change` VALUES (413, 133, '2024-05-26 00:00:00', 101.09080773199595, 102.95526924237087, 103.10017839293772, 99.17234210720432, 1.864461510374929, 1.8443432713663181, 7434.959731832256, '2024-05-26 15:24:50');
INSERT INTO `investment_daily_change` VALUES (414, 134, '2024-05-26 00:00:00', 102.02939213445184, 102.83432201221513, 104.36932013437053, 99.69193753887949, 0.804929877763291, 0.7889196053452657, 5439.852928707958, '2024-05-26 15:24:50');
INSERT INTO `investment_daily_change` VALUES (415, 135, '2024-05-26 00:00:00', 89.13103450475056, 87.83626209692996, 91.54173931344779, 87.7865342386384, -1.2947724078206089, -1.4526617075802024, 8943.597694989343, '2024-05-26 15:24:50');
INSERT INTO `investment_daily_change` VALUES (416, 136, '2024-05-26 00:00:00', 98.08189365161098, 99.73885495326759, 100.42648397718612, 97.78208961946864, 1.656961301656613, 1.6893651212956549, 10720.755886245639, '2024-05-26 15:24:50');
INSERT INTO `investment_daily_change` VALUES (417, 137, '2024-05-26 00:00:00', 95.37318136952142, 97.02489615669688, 97.12863618064213, 93.18990806542367, 1.6517147871754678, 1.73184407131805, 2627.0407750168047, '2024-05-26 15:24:50');
INSERT INTO `investment_daily_change` VALUES (418, 138, '2024-05-26 00:00:00', 94.5116188891691, 94.12209165539456, 94.54875582566098, 92.5916030262686, -0.3895272337745403, -0.4121474569505862, 4435.795339251214, '2024-05-26 15:24:50');
INSERT INTO `investment_daily_change` VALUES (419, 139, '2024-05-26 00:00:00', 103.63105613702233, 102.15778269809122, 105.40159395882061, 101.64586741238031, -1.4732734389311024, -1.421652440734678, 8725.43182910483, '2024-05-26 15:24:50');
INSERT INTO `investment_daily_change` VALUES (420, 140, '2024-05-26 00:00:00', 103.62952832631608, 104.7754428163402, 106.68267404505528, 102.04571905468478, 1.1459144900241287, 1.1057798954905895, 1793.7186268149376, '2024-05-26 15:24:50');
INSERT INTO `investment_daily_change` VALUES (421, 111, '2024-05-27 00:00:00', 93.16686349142957, 92.57247023711804, 95.9696144327717, 90.87176333472003, -0.5943932543115311, -0.6379878339107223, 10086.452897150888, '2024-05-27 18:48:26');
INSERT INTO `investment_daily_change` VALUES (422, 112, '2024-05-27 00:00:00', 96.51213592366193, 96.97817472661598, 98.77268900039707, 96.0266346527166, 0.4660388029540484, 0.48288103718134523, 9204.596547351604, '2024-05-27 18:48:26');
INSERT INTO `investment_daily_change` VALUES (423, 113, '2024-05-27 00:00:00', 96.70502649353017, 96.98171392791843, 98.01657986230566, 95.35806652542199, 0.2766874343882669, 0.2861148426517188, 3195.560290463232, '2024-05-27 18:48:27');
INSERT INTO `investment_daily_change` VALUES (424, 114, '2024-05-27 00:00:00', 105.36598385027246, 104.2200672711466, 105.62493564313927, 103.01654702761613, -1.1459165791258592, -1.0875583724954665, 1541.4385043158777, '2024-05-27 18:48:27');
INSERT INTO `investment_daily_change` VALUES (425, 115, '2024-05-27 00:00:00', 98.61392799219591, 97.5538246369712, 101.38984740016213, 95.04244881029315, -1.0601033552247123, -1.0750036803204985, 9831.915788526427, '2024-05-27 18:48:27');
INSERT INTO `investment_daily_change` VALUES (426, 116, '2024-05-27 00:00:00', 101.42023746235107, 103.7339076100574, 104.54572794622032, 101.36669556474364, 2.313670147706326, 2.2812706867948322, 8913.059984452513, '2024-05-27 18:48:27');
INSERT INTO `investment_daily_change` VALUES (427, 117, '2024-05-27 00:00:00', 106.95944894816004, 108.30601899494671, 108.93264116118813, 105.74224205580471, 1.3465700467866684, 1.2589537998081024, 1574.0430061853208, '2024-05-27 18:48:27');
INSERT INTO `investment_daily_change` VALUES (428, 118, '2024-05-27 00:00:00', 96.65149058289445, 96.03767153694827, 98.64914241389988, 95.67466257728168, -0.6138190459461863, -0.6350849244479434, 9916.627111719446, '2024-05-27 18:48:27');
INSERT INTO `investment_daily_change` VALUES (429, 119, '2024-05-27 00:00:00', 107.97038110025817, 105.59138622538079, 108.44409390133448, 104.73533824033379, -2.3789948748773737, -2.203377306474734, 4608.890147360202, '2024-05-27 18:48:27');
INSERT INTO `investment_daily_change` VALUES (430, 120, '2024-05-27 00:00:00', 102.44086694272976, 102.6838518641655, 103.47632662966332, 101.16898288258497, 0.24298492143575, 0.2371952997738611, 10593.81110931001, '2024-05-27 18:48:27');
INSERT INTO `investment_daily_change` VALUES (431, 121, '2024-05-27 00:00:00', 102.50160724401164, 101.68705567342782, 104.45053459153104, 100.82080725642564, -0.814551570583815, -0.7946719983080097, 2504.972497299922, '2024-05-27 18:48:27');
INSERT INTO `investment_daily_change` VALUES (432, 122, '2024-05-27 00:00:00', 98.94143521007473, 97.83586942919146, 99.02188621951994, 97.12028224173186, -1.10556578088327, -1.1173941216194279, 7035.777757609402, '2024-05-27 18:48:27');
INSERT INTO `investment_daily_change` VALUES (433, 123, '2024-05-27 00:00:00', 103.79466602610728, 103.71375379516391, 105.22200382592813, 102.9403363604165, -0.08091223094336811, -0.07795413198113321, 8815.225858475775, '2024-05-27 18:48:27');
INSERT INTO `investment_daily_change` VALUES (434, 124, '2024-05-27 00:00:00', 105.6546485993172, 107.2685838156139, 107.50352620112703, 105.5214477814972, 1.6139352162967013, 1.5275572231727925, 10962.420129909568, '2024-05-27 18:48:27');
INSERT INTO `investment_daily_change` VALUES (435, 125, '2024-05-27 00:00:00', 103.50659465928895, 104.73579942394812, 107.60380602155027, 101.9768874704381, 1.229204764659179, 1.1875617864787584, 1423.634899859564, '2024-05-27 18:48:27');
INSERT INTO `investment_daily_change` VALUES (436, 126, '2024-05-27 00:00:00', 101.59009742238219, 100.0400010175034, 102.79469221330858, 98.25096124491105, -1.5500964048787889, -1.52583415530545, 1439.8988177698516, '2024-05-27 18:48:28');
INSERT INTO `investment_daily_change` VALUES (437, 127, '2024-05-27 00:00:00', 104.26609422543568, 103.41836399108138, 105.58903469081848, 102.93045307673263, -0.8477302343542962, -0.8130449698455211, 3049.6987874544557, '2024-05-27 18:48:28');
INSERT INTO `investment_daily_change` VALUES (438, 128, '2024-05-27 00:00:00', 106.31218187764492, 106.08707486316402, 106.4230079946877, 105.16499455876384, -0.2251070144808939, -0.21174150554070126, 8400.547189641042, '2024-05-27 18:48:28');
INSERT INTO `investment_daily_change` VALUES (439, 129, '2024-05-27 00:00:00', 101.61793182560258, 104.19096835208165, 106.17648416705025, 99.01276743113625, 2.5730365264790693, 2.5320693702907993, 4824.794415037584, '2024-05-27 18:48:28');
INSERT INTO `investment_daily_change` VALUES (440, 130, '2024-05-27 00:00:00', 99.75406576871927, 97.90188609643945, 100.52854313185064, 97.01874200234614, -1.8521796722798147, -1.8567460463958536, 6129.210588505913, '2024-05-27 18:48:28');
INSERT INTO `investment_daily_change` VALUES (441, 131, '2024-05-27 00:00:00', 100.16857857147949, 99.45611674867565, 100.526549126942, 99.35808270528908, -0.7124618228038353, -0.7112627861594625, 2354.503998825555, '2024-05-27 18:48:28');
INSERT INTO `investment_daily_change` VALUES (442, 132, '2024-05-27 00:00:00', 97.8170709821841, 97.61760981364608, 99.64370535388014, 96.36063193239552, -0.19946116853802673, -0.20391243219126398, 7380.076341601693, '2024-05-27 18:48:28');
INSERT INTO `investment_daily_change` VALUES (443, 133, '2024-05-27 00:00:00', 102.95526924237087, 103.34505066118605, 104.70794998022723, 101.39832284404834, 0.3897814188151805, 0.3785929770117753, 6180.965641388257, '2024-05-27 18:48:28');
INSERT INTO `investment_daily_change` VALUES (444, 134, '2024-05-27 00:00:00', 102.83432201221513, 103.10925881998814, 104.87011105430538, 101.7689201221186, 0.2749368077730102, 0.2673589929832493, 1288.0601352162582, '2024-05-27 18:48:28');
INSERT INTO `investment_daily_change` VALUES (445, 135, '2024-05-27 00:00:00', 87.83626209692996, 89.85519768922016, 91.45666155665157, 85.90548017924255, 2.018935592290207, 2.29852175410453, 1059.3108718073377, '2024-05-27 18:48:28');
INSERT INTO `investment_daily_change` VALUES (446, 136, '2024-05-27 00:00:00', 99.73885495326759, 100.51211285377777, 101.52769252691839, 97.81602462385013, 0.7732579005101794, 0.7752825123894671, 10738.811364570536, '2024-05-27 18:48:28');
INSERT INTO `investment_daily_change` VALUES (447, 137, '2024-05-27 00:00:00', 97.02489615669688, 95.94638660462664, 97.40052936465402, 93.23700213700167, -1.0785095520702461, -1.1115802178529877, 10962.251716212446, '2024-05-27 18:48:28');
INSERT INTO `investment_daily_change` VALUES (448, 138, '2024-05-27 00:00:00', 94.12209165539456, 96.2440589551497, 97.61649498182979, 93.3398064892244, 2.1219672997551453, 2.254483790611262, 7361.397423843487, '2024-05-27 18:48:28');
INSERT INTO `investment_daily_change` VALUES (449, 139, '2024-05-27 00:00:00', 102.15778269809122, 100.44647263780696, 104.06089910551378, 98.99149473111055, -1.711310060284257, -1.6751636684810625, 9226.880188104506, '2024-05-27 18:48:28');
INSERT INTO `investment_daily_change` VALUES (450, 140, '2024-05-27 00:00:00', 104.7754428163402, 104.02364441954388, 105.94676022653631, 103.43340536564264, -0.7517983967963164, -0.7175330178409611, 4807.733644171474, '2024-05-27 18:48:29');
INSERT INTO `investment_daily_change` VALUES (451, 111, '2024-05-27 00:00:00', 92.57247023711804, 90.2170252138913, 92.87665723652992, 88.88300894696353, -2.355445023226739, -2.5444335850533406, 9841.992344029492, '2024-05-27 18:52:06');
INSERT INTO `investment_daily_change` VALUES (452, 112, '2024-05-27 00:00:00', 96.97817472661598, 99.29730636994876, 101.46864315387262, 96.72471348346397, 2.3191316433327875, 2.3913954349733646, 2468.7065621998327, '2024-05-27 18:52:06');
INSERT INTO `investment_daily_change` VALUES (453, 113, '2024-05-27 00:00:00', 96.98171392791843, 98.05212796153995, 98.45275009752228, 96.93612660768085, 1.0704140336215147, 1.1037276928484672, 5774.441473866914, '2024-05-27 18:52:06');
INSERT INTO `investment_daily_change` VALUES (454, 114, '2024-05-27 00:00:00', 104.2200672711466, 105.43428425413067, 106.32354610737907, 102.36129946147443, 1.2142169829840663, 1.1650510451361251, 7362.375439624858, '2024-05-27 18:52:06');
INSERT INTO `investment_daily_change` VALUES (455, 115, '2024-05-27 00:00:00', 97.5538246369712, 96.15510326896367, 97.88627615934298, 93.32113629346777, -1.3987213680075286, -1.4337944957182516, 6113.383127827285, '2024-05-27 18:52:06');
INSERT INTO `investment_daily_change` VALUES (456, 116, '2024-05-27 00:00:00', 103.7339076100574, 102.46440289292966, 105.59954116345645, 100.75157239422985, -1.2695047171277491, -1.2238088262324998, 2903.6060283596344, '2024-05-27 18:52:06');
INSERT INTO `investment_daily_change` VALUES (457, 117, '2024-05-27 00:00:00', 108.30601899494671, 108.89852424222438, 109.71933242742482, 107.52932691709545, 0.5925052472776687, 0.5470658535656394, 10735.557707393693, '2024-05-27 18:52:06');
INSERT INTO `investment_daily_change` VALUES (458, 118, '2024-05-27 00:00:00', 96.03767153694827, 94.98517956282353, 96.10476257790495, 94.22623771986693, -1.0524919741247372, -1.0959157560580957, 2290.887005054514, '2024-05-27 18:52:06');
INSERT INTO `investment_daily_change` VALUES (459, 119, '2024-05-27 00:00:00', 105.59138622538079, 103.33993617288917, 106.84598497870407, 100.84250520190058, -2.2514500524916157, -2.1322288995107814, 1594.5543796104612, '2024-05-27 18:52:06');
INSERT INTO `investment_daily_change` VALUES (460, 120, '2024-05-27 00:00:00', 102.6838518641655, 103.10522682076716, 104.1876010431549, 102.23920767190496, 0.421374956601648, 0.41036146283162456, 10474.320212413544, '2024-05-27 18:52:06');
INSERT INTO `investment_daily_change` VALUES (461, 121, '2024-05-27 00:00:00', 101.68705567342782, 103.20395658249465, 104.62860777905964, 101.31393096450479, 1.5169009090668406, 1.4917345172609093, 9806.087186440613, '2024-05-27 18:52:06');
INSERT INTO `investment_daily_change` VALUES (462, 122, '2024-05-27 00:00:00', 97.83586942919146, 96.38327543205327, 98.9321220507047, 95.87634635073584, -1.4525939971381936, -1.4847253932664297, 10154.774387335707, '2024-05-27 18:52:07');
INSERT INTO `investment_daily_change` VALUES (463, 123, '2024-05-27 00:00:00', 103.71375379516391, 105.6279534597926, 106.71110520354485, 102.76134139419193, 1.9141996646286839, 1.8456565253719912, 6352.044642583984, '2024-05-27 18:52:07');
INSERT INTO `investment_daily_change` VALUES (464, 124, '2024-05-27 00:00:00', 107.2685838156139, 109.20858487245555, 110.04993155347402, 107.16015678457785, 1.9400010568416457, 1.8085454173389222, 5796.347188952541, '2024-05-27 18:52:07');
INSERT INTO `investment_daily_change` VALUES (465, 125, '2024-05-27 00:00:00', 104.73579942394812, 107.60843874376941, 110.4947167958324, 103.45787542398368, 2.8726393198212823, 2.7427482633645184, 10817.376977763934, '2024-05-27 18:52:07');
INSERT INTO `investment_daily_change` VALUES (466, 126, '2024-05-27 00:00:00', 100.0400010175034, 102.37695340394266, 103.70394563715216, 99.20948975547788, 2.3369523864392625, 2.336017955488005, 1316.1933682030317, '2024-05-27 18:52:07');
INSERT INTO `investment_daily_change` VALUES (467, 127, '2024-05-27 00:00:00', 103.41836399108138, 104.78007977266093, 105.9826890301913, 101.29478988928516, 1.361715781579545, 1.3167059785406943, 5073.882087499669, '2024-05-27 18:52:07');
INSERT INTO `investment_daily_change` VALUES (468, 128, '2024-05-27 00:00:00', 106.08707486316402, 105.50363160968207, 106.20196627322738, 103.69813946285086, -0.5834432534819441, -0.5499663877380878, 9615.783961385347, '2024-05-27 18:52:07');
INSERT INTO `investment_daily_change` VALUES (469, 129, '2024-05-27 00:00:00', 104.19096835208165, 101.20331125290608, 106.67773411482295, 98.40184960373034, -2.9876570991755775, -2.8674818426484916, 1324.954273866307, '2024-05-27 18:52:07');
INSERT INTO `investment_daily_change` VALUES (470, 130, '2024-05-27 00:00:00', 97.90188609643945, 96.2592193351945, 98.71927986520761, 96.1315423590976, -1.6426667612449595, -1.677870393249452, 4617.660086273362, '2024-05-27 18:52:07');
INSERT INTO `investment_daily_change` VALUES (471, 131, '2024-05-27 00:00:00', 99.45611674867565, 100.4530788875804, 101.07127179411553, 99.44777591492485, 0.9969621389047434, 1.0024141013106855, 6425.357361800351, '2024-05-27 18:52:07');
INSERT INTO `investment_daily_change` VALUES (472, 132, '2024-05-27 00:00:00', 97.61760981364608, 96.96521655326617, 99.17088433268577, 95.69722053518653, -0.6523932603799134, -0.6683151345595788, 8971.740039255657, '2024-05-27 18:52:07');
INSERT INTO `investment_daily_change` VALUES (473, 133, '2024-05-27 00:00:00', 103.34505066118605, 103.30457373565625, 105.15633227896724, 101.32592115577789, -0.04047692552980508, -0.03916677699690485, 6890.0826216682135, '2024-05-27 18:52:07');
INSERT INTO `investment_daily_change` VALUES (474, 134, '2024-05-27 00:00:00', 103.10925881998814, 103.74153446807982, 105.65765829003944, 102.50988907866129, 0.6322756480916791, 0.6132093813180528, 3095.246922869406, '2024-05-27 18:52:07');
INSERT INTO `investment_daily_change` VALUES (475, 135, '2024-05-27 00:00:00', 89.85519768922016, 90.3555271915833, 91.53603927623033, 88.45863514190968, 0.5003295023631458, 0.5568175411439441, 1506.360459730224, '2024-05-27 18:52:07');
INSERT INTO `investment_daily_change` VALUES (476, 136, '2024-05-27 00:00:00', 100.51211285377777, 101.24918601132758, 101.6000653011423, 99.211011652931, 0.737073157549812, 0.7333177431282194, 3710.3154276810515, '2024-05-27 18:52:07');
INSERT INTO `investment_daily_change` VALUES (477, 137, '2024-05-27 00:00:00', 95.94638660462664, 95.49356445138761, 97.4072721097078, 94.70460903098693, -0.4528221532390201, -0.4719533160795286, 10962.878782131402, '2024-05-27 18:52:07');
INSERT INTO `investment_daily_change` VALUES (478, 138, '2024-05-27 00:00:00', 96.2440589551497, 95.02756242411414, 98.21103436261386, 94.98204420460905, -1.2164965310355638, -1.2639705185360672, 2543.3414961133108, '2024-05-27 18:52:07');
INSERT INTO `investment_daily_change` VALUES (479, 139, '2024-05-27 00:00:00', 100.44647263780696, 98.93342701037237, 102.23929621003913, 98.599573868492, -1.5130456274345867, -1.5063203193708694, 6410.280197801038, '2024-05-27 18:52:08');
INSERT INTO `investment_daily_change` VALUES (480, 140, '2024-05-27 00:00:00', 104.02364441954388, 104.02880135289816, 105.81734874658449, 102.99174700791002, 0.00515693335427182, 0.00495746268365016, 8350.139676152276, '2024-05-27 18:52:08');

-- ----------------------------
-- Table structure for investment_record
-- ----------------------------
DROP TABLE IF EXISTS `investment_record`;
CREATE TABLE `investment_record`  (
  `investment_record_id` int(0) NOT NULL AUTO_INCREMENT COMMENT '投资记录id',
  `investment_id` int(0) NULL DEFAULT NULL COMMENT '投资选项id',
  `user_id` int(0) NULL DEFAULT NULL COMMENT '用户id',
  `amount` double NULL DEFAULT NULL COMMENT '数量',
  `current_prize` double NULL DEFAULT NULL COMMENT '交易发生时的价格',
  `operation` varchar(255) CHARACTER SET utf8mb4 COLLATE utf8mb4_0900_ai_ci NULL DEFAULT NULL COMMENT '\"买入\"或\"卖出\"',
  `status` varchar(255) CHARACTER SET utf8mb4 COLLATE utf8mb4_0900_ai_ci NULL DEFAULT NULL COMMENT '状态',
  `created_at` timestamp(0) NULL DEFAULT CURRENT_TIMESTAMP(0) ON UPDATE CURRENT_TIMESTAMP(0) COMMENT '创建时的时间戳',
  `updated_at` timestamp(0) NULL DEFAULT CURRENT_TIMESTAMP(0) ON UPDATE CURRENT_TIMESTAMP(0) COMMENT '上次更新时的时间戳',
  `asset_id` int(0) NULL DEFAULT NULL COMMENT '用户资产id',
  PRIMARY KEY (`investment_record_id`) USING BTREE,
  INDEX `user_id`(`user_id`) USING BTREE,
  INDEX `investment_id`(`investment_id`) USING BTREE,
  INDEX `asset_id`(`asset_id`) USING BTREE,
  CONSTRAINT `investment_record_ibfk_1` FOREIGN KEY (`user_id`) REFERENCES `user` (`user_id`) ON DELETE RESTRICT ON UPDATE CASCADE,
  CONSTRAINT `investment_record_ibfk_2` FOREIGN KEY (`investment_id`) REFERENCES `investment` (`investment_id`) ON DELETE RESTRICT ON UPDATE CASCADE,
  CONSTRAINT `investment_record_ibfk_3` FOREIGN KEY (`asset_id`) REFERENCES `asset` (`asset_id`) ON DELETE RESTRICT ON UPDATE CASCADE
) ENGINE = InnoDB AUTO_INCREMENT = 37 CHARACTER SET = utf8mb4 COLLATE = utf8mb4_0900_ai_ci ROW_FORMAT = Dynamic;

-- ----------------------------
-- Records of investment_record
-- ----------------------------
INSERT INTO `investment_record` VALUES (26, 118, 2, 12.6, 100, '买入', '进行中', '2024-05-26 00:14:34', '2024-05-26 00:14:34', 9);
INSERT INTO `investment_record` VALUES (27, 132, 2, 2.67, 100, '买入', '进行中', '2024-05-26 00:14:42', '2024-05-26 00:14:42', 10);
INSERT INTO `investment_record` VALUES (28, 139, 2, 3.14, 100, '买入', '进行中', '2024-05-26 00:14:49', '2024-05-26 00:14:49', 11);
INSERT INTO `investment_record` VALUES (29, 118, 2, 12, 96.65149058289445, '卖出', '进行中', '2024-05-27 11:31:27', '2024-05-27 11:31:27', 9);
INSERT INTO `investment_record` VALUES (30, 118, 2, 12, 96.65149058289445, '买入', '进行中', '2024-05-27 11:31:51', '2024-05-27 11:31:51', 9);
INSERT INTO `investment_record` VALUES (31, 118, 2, 12, 96.65149058289445, '卖出', '进行中', '2024-05-27 11:34:44', '2024-05-27 11:34:44', 9);
INSERT INTO `investment_record` VALUES (32, 111, 2, 122, 93.16686349142957, '买入', '进行中', '2024-05-27 11:38:04', '2024-05-27 11:38:04', 12);
INSERT INTO `investment_record` VALUES (33, 111, 2, 12, 93.16686349142957, '卖出', '进行中', '2024-05-27 11:45:23', '2024-05-27 11:45:23', 12);
INSERT INTO `investment_record` VALUES (34, 118, 2, 0.5, 96.65149058289445, '卖出', '进行中', '2024-05-27 12:09:08', '2024-05-27 12:09:08', 9);
INSERT INTO `investment_record` VALUES (35, 118, 2, 123, 96.65149058289445, '买入', '进行中', '2024-05-27 13:01:28', '2024-05-27 13:01:28', 9);
INSERT INTO `investment_record` VALUES (36, 118, 2, 12, 96.65149058289445, '卖出', '进行中', '2024-05-27 13:01:40', '2024-05-27 13:01:40', 9);
INSERT INTO `investment_record` VALUES (37, 111, 9, 12, 93.16686349142957, '买入', '进行中', '2024-05-27 15:17:23', '2024-05-27 15:17:23', 13);
INSERT INTO `investment_record` VALUES (38, 111, 9, 6, 93.16686349142957, '卖出', '进行中', '2024-05-27 15:17:27', '2024-05-27 15:17:27', 13);
INSERT INTO `investment_record` VALUES (39, 115, 11, 12.56, 98.61392799219591, '买入', '进行中', '2024-05-27 16:46:30', '2024-05-27 16:46:30', 14);
INSERT INTO `investment_record` VALUES (40, 117, 11, 12.67, 106.95944894816004, '买入', '进行中', '2024-05-27 16:47:29', '2024-05-27 16:47:29', 15);
INSERT INTO `investment_record` VALUES (41, 115, 11, 12, 98.61392799219591, '买入', '进行中', '2024-05-27 16:50:33', '2024-05-27 16:50:33', 14);
INSERT INTO `investment_record` VALUES (42, 115, 11, 12, 98.61392799219591, '买入', '进行中', '2024-05-27 16:54:19', '2024-05-27 16:54:19', 14);
INSERT INTO `investment_record` VALUES (43, 120, 11, 12, 102.44086694272976, '买入', '进行中', '2024-05-27 16:56:56', '2024-05-27 16:56:56', 16);
INSERT INTO `investment_record` VALUES (44, 112, 2, 12, 99.29730636994876, '买入', '进行中', '2024-05-27 18:58:09', '2024-05-27 18:58:09', 17);
INSERT INTO `investment_record` VALUES (45, 112, 2, 12, 99.29730636994876, '买入', '进行中', '2024-05-27 18:58:17', '2024-05-27 18:58:17', 17);
INSERT INTO `investment_record` VALUES (46, 118, 2, 12, 94.98517956282353, '卖出', '进行中', '2024-05-27 19:11:24', '2024-05-27 19:11:24', 9);
INSERT INTO `investment_record` VALUES (47, 121, 2, 123, 103.20395658249465, '买入', '进行中', '2024-05-27 20:27:56', '2024-05-27 20:27:56', 18);
INSERT INTO `investment_record` VALUES (48, 111, 12, 123, 90.2170252138913, '买入', '进行中', '2024-05-27 20:29:45', '2024-05-27 20:29:45', 19);
INSERT INTO `investment_record` VALUES (49, 130, 12, 22, 96.2592193351945, '买入', '进行中', '2024-05-27 20:30:16', '2024-05-27 20:30:16', 20);
INSERT INTO `investment_record` VALUES (50, 139, 12, 12, 98.93342701037237, '买入', '进行中', '2024-05-27 20:30:35', '2024-05-27 20:30:35', 21);
INSERT INTO `investment_record` VALUES (51, 133, 12, 23, 103.30457373565625, '买入', '进行中', '2024-05-27 20:30:47', '2024-05-27 20:30:47', 22);

-- ----------------------------
-- Table structure for user
-- ----------------------------
DROP TABLE IF EXISTS `user`;
CREATE TABLE `user`  (
  `user_id` int(0) NOT NULL AUTO_INCREMENT COMMENT '用户id',
  `username` varchar(255) CHARACTER SET utf8mb4 COLLATE utf8mb4_0900_ai_ci NULL DEFAULT NULL COMMENT '用户名',
  `password` varchar(255) CHARACTER SET utf8mb4 COLLATE utf8mb4_0900_ai_ci NULL DEFAULT NULL COMMENT '密码',
  `email` varchar(255) CHARACTER SET utf8mb4 COLLATE utf8mb4_0900_ai_ci NULL DEFAULT NULL COMMENT '邮箱地址',
  `phone` varchar(255) CHARACTER SET utf8mb4 COLLATE utf8mb4_0900_ai_ci NULL DEFAULT NULL COMMENT '电话号码',
  `first_name` varchar(255) CHARACTER SET utf8mb4 COLLATE utf8mb4_0900_ai_ci NULL DEFAULT NULL COMMENT '名',
  `last_name` varchar(255) CHARACTER SET utf8mb4 COLLATE utf8mb4_0900_ai_ci NULL DEFAULT NULL COMMENT '姓',
  `address` varchar(255) CHARACTER SET utf8mb4 COLLATE utf8mb4_0900_ai_ci NULL DEFAULT NULL COMMENT '地址',
  `created_at` timestamp(0) NULL DEFAULT CURRENT_TIMESTAMP(0) COMMENT '创建时的时间戳',
  `updated_at` timestamp(0) NULL DEFAULT CURRENT_TIMESTAMP(0) ON UPDATE CURRENT_TIMESTAMP(0) COMMENT '上次更新时间戳',
  `role` varchar(5) CHARACTER SET utf8mb4 COLLATE utf8mb4_0900_ai_ci NULL DEFAULT 'user' COMMENT '用户身份',
  PRIMARY KEY (`user_id`) USING BTREE
) ENGINE = InnoDB AUTO_INCREMENT = 9 CHARACTER SET = utf8mb4 COLLATE = utf8mb4_0900_ai_ci ROW_FORMAT = Dynamic;

-- ----------------------------
-- Records of user
-- ----------------------------
INSERT INTO `user` VALUES (1, 'super', '123456', '22222@qq.com', '15888589665', 'yy', 's', '地球', '2024-05-25 00:24:18', '2024-05-25 12:27:12', 'user');
INSERT INTO `user` VALUES (2, '小马丁真', '8d969eef6ecad3c29a3a629280e686cf0c3f5d5a86aff3ca12020c923adc6c92', '2058666094@qq.com', '18758834142', 'AC', 'Tinker', '地球村', '2024-05-27 12:53:45', '2024-05-27 18:57:41', 'user');
INSERT INTO `user` VALUES (3, 'super', '8d969eef6ecad3c29a3a629280e686cf0c3f5d5a86aff3ca12020c923adc6c92', 'fuazying@gmail.com', NULL, NULL, NULL, NULL, '2024-05-25 00:24:14', '2024-05-25 12:27:12', 'user');
INSERT INTO `user` VALUES (4, 'super', '8d969eef6ecad3c29a3a629280e686cf0c3f5d5a86aff3ca12020c923adc6c92', 'cpy@qq.com', NULL, NULL, NULL, NULL, '2024-05-25 00:24:12', '2024-05-25 12:27:12', 'user');
INSERT INTO `user` VALUES (5, 'super', '8d969eef6ecad3c29a3a629280e686cf0c3f5d5a86aff3ca12020c923adc6c92', 'cp2y@qq.com', NULL, NULL, NULL, NULL, '2024-05-25 00:24:10', '2024-05-25 12:27:12', 'user');
INSERT INTO `user` VALUES (6, 'super', '8d969eef6ecad3c29a3a629280e686cf0c3f5d5a86aff3ca12020c923adc6c92', '3333@rw.s', NULL, NULL, NULL, NULL, '2024-05-25 00:24:08', '2024-05-25 12:27:12', 'user');
INSERT INTO `user` VALUES (7, 'super', '6b51d431df5d7f141cbececcf79edf3dd861c3b4069f0b11661a3eefacbba918', '3333@rw.s2', NULL, NULL, NULL, NULL, '2024-05-25 00:24:06', '2024-05-25 12:27:12', 'user');
INSERT INTO `user` VALUES (8, 'su', '8d969eef6ecad3c29a3a629280e686cf0c3f5d5a86aff3ca12020c923adc6c92', 'super@gmail.com', '18758834142', 'py', 'c', 'zufe', '2024-05-25 00:24:04', '2024-05-25 12:27:12', 'admin');
INSERT INTO `user` VALUES (9, 'zufe', '481f6cc0511143ccdd7e2d1b1b94faf0a700a8b49cd13922a70b5ae28acaa8c5', '2233@zufe.edu.cn', NULL, NULL, NULL, NULL, '2024-05-27 15:16:37', '2024-05-27 15:16:37', 'user');
INSERT INTO `user` VALUES (10, 'admin', '8d969eef6ecad3c29a3a629280e686cf0c3f5d5a86aff3ca12020c923adc6c92', '1234@gg.com', '15888189665', 'd', '1rtz', '地址123', '2024-05-27 15:32:44', '2024-05-27 15:48:14', 'user');
INSERT INTO `user` VALUES (11, '1234567@qq.com', '8bb0cf6eb9b17d0f7d22b456f121257dc1254e1f01665370476383ea776df414', '1234567@qq.com', NULL, NULL, NULL, NULL, '2024-05-27 15:52:46', '2024-05-27 15:52:46', 'user');
INSERT INTO `user` VALUES (12, 'admin', '94edf28c6d6da38fd35d7ad53e485307f89fbeaf120485c8d17a43f323deee71', '66666@qq.com', NULL, NULL, NULL, NULL, '2024-05-27 20:28:57', '2024-05-27 20:28:57', 'user');

SET FOREIGN_KEY_CHECKS = 1;
