/*
 Navicat Premium Data Transfer

 Source Server         : localhost
 Source Server Type    : MySQL
 Source Server Version : 80400
 Source Host           : localhost:3306
 Source Schema         : invest_track_pro

 Target Server Type    : MySQL
 Target Server Version : 80400
 File Encoding         : 65001

 Date: 28/05/2024 20:53:56
*/

SET NAMES utf8mb4;
SET FOREIGN_KEY_CHECKS = 0;

-- ----------------------------
-- Table structure for asset
-- ----------------------------
DROP TABLE IF EXISTS `asset`;
CREATE TABLE `asset`  (
  `asset_id` int(0) NOT NULL AUTO_INCREMENT COMMENT 'asset_id',
  `user_id` int(0) NULL DEFAULT NULL COMMENT '用户id',
  `investment_id` int(0) NULL DEFAULT NULL COMMENT '投资项目的id',
  `amount` decimal(15, 5) NULL DEFAULT NULL COMMENT '持有数量',
  `created_at` timestamp(0) NULL DEFAULT CURRENT_TIMESTAMP(0) ON UPDATE CURRENT_TIMESTAMP(0) COMMENT '创建时间',
  `updated_at` timestamp(0) NULL DEFAULT CURRENT_TIMESTAMP(0) ON UPDATE CURRENT_TIMESTAMP(0) COMMENT '上次更新时间',
  `holding_profit` decimal(15, 5) NULL DEFAULT NULL COMMENT '持有收益',
  `total_sell_revenue` decimal(15, 5) NULL DEFAULT NULL COMMENT '实现收益',
  PRIMARY KEY (`asset_id`) USING BTREE,
  INDEX `user_id`(`user_id`) USING BTREE,
  INDEX `investment_id`(`investment_id`) USING BTREE,
  CONSTRAINT `asset_ibfk_1` FOREIGN KEY (`user_id`) REFERENCES `user` (`user_id`) ON DELETE CASCADE ON UPDATE CASCADE,
  CONSTRAINT `asset_ibfk_2` FOREIGN KEY (`investment_id`) REFERENCES `investment` (`investment_id`) ON DELETE CASCADE ON UPDATE CASCADE
) ENGINE = InnoDB AUTO_INCREMENT = 1073 CHARACTER SET = utf8mb4 COLLATE = utf8mb4_0900_ai_ci ROW_FORMAT = Dynamic;

-- ----------------------------
-- Records of asset
-- ----------------------------
INSERT INTO `asset` VALUES (1073, 14, 121, 9.68000, '2024-05-28 18:58:10', '2024-05-28 18:58:11', 23.23963, 0.69859);
INSERT INTO `asset` VALUES (1074, 14, 127, 0.99000, '2024-05-28 18:58:10', '2024-05-28 18:58:11', -0.43612, 0.00000);
INSERT INTO `asset` VALUES (1075, 14, 137, 0.52000, '2024-05-28 18:58:10', '2024-05-28 18:58:11', -37.86337, -36.42412);
INSERT INTO `asset` VALUES (1076, 15, 132, 5.03000, '2024-05-28 18:58:10', '2024-05-28 18:58:11', 13.32543, 0.00000);
INSERT INTO `asset` VALUES (1077, 15, 119, 2.61000, '2024-05-28 18:58:10', '2024-05-28 18:58:11', -7.98242, 0.00000);
INSERT INTO `asset` VALUES (1078, 15, 139, 13.34000, '2024-05-28 18:58:10', '2024-05-28 18:58:11', 0.75838, 0.00000);
INSERT INTO `asset` VALUES (1079, 16, 135, 9.09000, '2024-05-28 20:52:48', '2024-05-28 20:52:49', -7.33808, 0.00000);
INSERT INTO `asset` VALUES (1080, 16, 134, 1.10000, '2024-05-28 20:52:48', '2024-05-28 20:52:49', 29.18971, 30.05668);
INSERT INTO `asset` VALUES (1081, 16, 112, 19.78000, '2024-05-28 20:52:48', '2024-05-28 20:52:49', 22.74573, 6.59958);
INSERT INTO `asset` VALUES (1082, 17, 111, 3.89000, '2024-05-28 18:58:23', '2024-05-28 18:58:23', -20.98719, -10.34310);
INSERT INTO `asset` VALUES (1083, 17, 131, 6.42000, '2024-05-28 18:58:23', '2024-05-28 18:58:23', -9.79185, 0.00000);
INSERT INTO `asset` VALUES (1084, 17, 112, 25.91000, '2024-05-28 18:58:23', '2024-05-28 18:58:23', 68.59427, 0.00000);
INSERT INTO `asset` VALUES (1085, 18, 127, 3.67000, '2024-05-28 18:58:23', '2024-05-28 18:58:24', -3.05449, -0.66520);
INSERT INTO `asset` VALUES (1086, 18, 113, 0.04000, '2024-05-28 18:58:23', '2024-05-28 18:58:24', -0.29256, -0.21455);
INSERT INTO `asset` VALUES (1087, 18, 138, 4.14000, '2024-05-28 18:58:23', '2024-05-28 18:58:24', 20.04890, 0.00000);
INSERT INTO `asset` VALUES (1088, 19, 135, 10.01000, '2024-05-28 18:58:24', '2024-05-28 18:58:25', -8.08077, 0.00000);
INSERT INTO `asset` VALUES (1089, 19, 139, 0.96000, '2024-05-28 18:58:24', '2024-05-28 18:58:25', -2.12632, -0.63634);
INSERT INTO `asset` VALUES (1090, 19, 122, 0.52000, '2024-05-28 18:58:24', '2024-05-28 18:58:25', 8.99869, 8.51629);
INSERT INTO `asset` VALUES (1091, 20, 139, 0.28000, '2024-05-28 18:58:13', '2024-05-28 18:58:14', 0.01592, 0.00000);
INSERT INTO `asset` VALUES (1092, 20, 114, 0.81000, '2024-05-28 18:58:13', '2024-05-28 18:58:14', -2.44286, -2.17726);
INSERT INTO `asset` VALUES (1093, 20, 126, 20.17000, '2024-05-28 18:58:13', '2024-05-28 18:58:14', 15.44110, 0.00000);
INSERT INTO `asset` VALUES (1094, 21, 120, 11.68000, '2024-05-28 18:58:25', '2024-05-28 18:58:26', 21.94567, 0.00000);
INSERT INTO `asset` VALUES (1095, 21, 112, 0.03000, '2024-05-28 18:58:25', '2024-05-28 18:58:26', 0.06226, 0.00000);
INSERT INTO `asset` VALUES (1096, 21, 113, 14.54000, '2024-05-28 18:58:25', '2024-05-28 18:58:26', -28.35925, 0.00000);
INSERT INTO `asset` VALUES (1097, 22, 136, 0.51000, '2024-05-28 18:58:26', '2024-05-28 18:58:27', -1.10095, 0.78659);
INSERT INTO `asset` VALUES (1098, 22, 114, 10.24000, '2024-05-28 18:58:26', '2024-05-28 18:58:27', -29.21404, -0.84926);
INSERT INTO `asset` VALUES (1099, 22, 137, 3.15000, '2024-05-28 18:58:26', '2024-05-28 18:58:27', -19.43652, -1.63300);
INSERT INTO `asset` VALUES (1100, 23, 132, 3.58000, '2024-05-28 18:58:26', '2024-05-28 18:58:27', 14.48622, 14.30633);
INSERT INTO `asset` VALUES (1101, 23, 111, 0.86000, '2024-05-28 18:58:26', '2024-05-28 18:58:27', -2.65418, -0.09039);
INSERT INTO `asset` VALUES (1102, 23, 114, 1.96000, '2024-05-28 18:58:26', '2024-05-28 18:58:27', -35.34648, -10.37525);
INSERT INTO `asset` VALUES (1103, 14, 111, 0.00000, '2024-05-28 18:58:10', '2024-05-28 18:58:11', -0.82566, -0.82566);
INSERT INTO `asset` VALUES (1104, 14, 124, 0.00000, '2024-05-28 18:58:10', '2024-05-28 18:58:11', 0.00000, 0.00000);
INSERT INTO `asset` VALUES (1105, 14, 114, 1.47000, '2024-05-28 18:58:10', '2024-05-28 18:58:11', -5.67312, -2.89329);
INSERT INTO `asset` VALUES (1106, 15, 118, 1.64000, '2024-05-28 18:58:10', '2024-05-28 18:58:11', 3.46635, 0.00000);
INSERT INTO `asset` VALUES (1107, 15, 135, 3.08000, '2024-05-28 18:58:11', '2024-05-28 18:58:11', -4.17619, -0.14401);
INSERT INTO `asset` VALUES (1108, 15, 129, 1.95000, '2024-05-28 18:58:11', '2024-05-28 18:58:11', -0.32345, 0.00000);
INSERT INTO `asset` VALUES (1109, 16, 118, 2.30000, '2024-05-28 20:52:49', '2024-05-28 20:52:49', 6.43397, 0.00000);
INSERT INTO `asset` VALUES (1110, 16, 113, 5.04000, '2024-05-28 20:52:49', '2024-05-28 20:52:49', -4.76461, 0.00000);
INSERT INTO `asset` VALUES (1111, 16, 124, 0.08000, '2024-05-28 20:52:49', '2024-05-28 20:52:49', -14.18916, -1.93402);
INSERT INTO `asset` VALUES (1112, 17, 119, 2.12000, '2024-05-28 18:58:23', '2024-05-28 18:58:24', -27.30528, -23.43840);
INSERT INTO `asset` VALUES (1113, 17, 121, 0.99000, '2024-05-28 18:58:23', '2024-05-28 18:58:24', 6.48614, 2.86079);
INSERT INTO `asset` VALUES (1114, 18, 129, 0.28000, '2024-05-28 18:58:23', '2024-05-28 18:58:24', 11.02004, -1.29544);
INSERT INTO `asset` VALUES (1115, 18, 139, 10.14000, '2024-05-28 18:58:23', '2024-05-28 18:58:24', -1.40834, 0.00000);
INSERT INTO `asset` VALUES (1116, 18, 130, 1.72000, '2024-05-28 18:58:23', '2024-05-28 18:58:24', 19.80016, 6.27444);
INSERT INTO `asset` VALUES (1117, 19, 129, 0.69000, '2024-05-28 18:58:25', '2024-05-28 18:58:26', 1.72997, 0.79006);
INSERT INTO `asset` VALUES (1118, 19, 131, 10.08000, '2024-05-28 18:58:25', '2024-05-28 18:58:26', -12.64139, -1.69421);
INSERT INTO `asset` VALUES (1119, 19, 120, 1.06000, '2024-05-28 18:58:25', '2024-05-28 18:58:26', 3.90137, 4.09785);
INSERT INTO `asset` VALUES (1120, 20, 134, 7.15000, '2024-05-28 18:58:13', '2024-05-28 18:58:14', 19.62090, 9.78293);
INSERT INTO `asset` VALUES (1121, 20, 132, 10.73000, '2024-05-28 18:58:13', '2024-05-28 18:58:14', 7.48804, 0.00000);
INSERT INTO `asset` VALUES (1122, 21, 137, 0.07000, '2024-05-28 18:58:26', '2024-05-28 18:58:26', -18.23143, -17.94464);
INSERT INTO `asset` VALUES (1123, 21, 122, 4.21000, '2024-05-28 18:58:25', '2024-05-28 18:58:26', 6.13579, 0.83201);
INSERT INTO `asset` VALUES (1124, 21, 134, 6.09000, '2024-05-28 18:58:25', '2024-05-28 18:58:26', 15.98275, 9.20926);
INSERT INTO `asset` VALUES (1125, 22, 112, 0.03000, '2024-05-28 18:58:26', '2024-05-28 18:58:27', 0.47937, 0.24037);
INSERT INTO `asset` VALUES (1126, 22, 138, 1.04000, '2024-05-28 18:58:26', '2024-05-28 18:58:27', 7.68848, 4.43807);
INSERT INTO `asset` VALUES (1127, 22, 140, 0.48000, '2024-05-28 18:58:26', '2024-05-28 18:58:27', 1.48998, -0.77989);
INSERT INTO `asset` VALUES (1128, 23, 129, 0.26000, '2024-05-28 18:58:27', '2024-05-28 18:58:27', 1.00801, 0.65385);
INSERT INTO `asset` VALUES (1129, 23, 115, 8.03000, '2024-05-28 18:58:26', '2024-05-28 18:58:27', -49.59434, -7.72261);

-- ----------------------------
-- Table structure for investment
-- ----------------------------
DROP TABLE IF EXISTS `investment`;
CREATE TABLE `investment`  (
  `investment_id` int(0) NOT NULL AUTO_INCREMENT COMMENT '投资项目id',
  `name` varchar(255) CHARACTER SET utf8mb4 COLLATE utf8mb4_0900_ai_ci NULL DEFAULT NULL COMMENT '投资项目名',
  `description` varchar(255) CHARACTER SET utf8mb4 COLLATE utf8mb4_0900_ai_ci NULL DEFAULT NULL COMMENT '投资项目描述',
  `category` varchar(255) CHARACTER SET utf8mb4 COLLATE utf8mb4_0900_ai_ci NULL DEFAULT NULL COMMENT '投资项目分类',
  `initial_value` decimal(15, 5) NULL DEFAULT NULL COMMENT '初始市值',
  `current_value` decimal(15, 5) NULL DEFAULT NULL COMMENT '当前市值',
  `expected_return` decimal(15, 5) NULL DEFAULT NULL COMMENT '预期回报',
  `risk_level` int(0) NULL DEFAULT 0 COMMENT '风险等级',
  `created_at` timestamp(6) NULL DEFAULT CURRENT_TIMESTAMP(6) ON UPDATE CURRENT_TIMESTAMP(6) COMMENT '创建时间戳',
  `update_at` timestamp(6) NULL DEFAULT CURRENT_TIMESTAMP(6) ON UPDATE CURRENT_TIMESTAMP(6) COMMENT '上次更新时间戳',
  PRIMARY KEY (`investment_id`) USING BTREE
) ENGINE = InnoDB AUTO_INCREMENT = 141 CHARACTER SET = utf8mb4 COLLATE = utf8mb4_0900_ai_ci ROW_FORMAT = Dynamic;

-- ----------------------------
-- Records of investment
-- ----------------------------
INSERT INTO `investment` VALUES (111, '纳斯达克指数基金', '跟踪纳斯达克综合指数的表现', '基金', 100.00000, 97.77173, 20000.00000, 4, '2024-05-28 18:58:20.724916', '2024-05-28 18:58:20.724916');
INSERT INTO `investment` VALUES (112, '上证50ETF', '反映上证50指数的ETF', '基金', 100.00000, 100.71592, 5000.00000, 3, '2024-05-28 18:58:20.747126', '2024-05-28 18:58:20.747126');
INSERT INTO `investment` VALUES (113, '美国国债', '美国政府发行的低风险债券', '债券', 100.00000, 96.61619, 200.00000, 1, '2024-05-28 18:58:20.768128', '2024-05-28 18:58:20.768128');
INSERT INTO `investment` VALUES (114, '标普500指数基金', '复制标准普尔500指数的表现', '基金', 100.00000, 98.33577, 10000.00000, 2, '2024-05-28 18:58:20.788236', '2024-05-28 18:58:20.788236');
INSERT INTO `investment` VALUES (115, '阿里巴巴股票', '中国最大的电子商务公司之一', '股票', 100.00000, 96.58430, 50000.00000, 4, '2024-05-28 18:58:20.809707', '2024-05-28 18:58:20.809707');
INSERT INTO `investment` VALUES (116, '房地产信托基金', '投资于多个房地产项目的REIT', '房地产', 100.00000, 101.59012, 30000.00000, 3, '2024-05-28 18:58:20.830634', '2024-05-28 18:58:20.830634');
INSERT INTO `investment` VALUES (117, '黄金现货', '投资于黄金实物或黄金合约', '大宗商品', 100.00000, 100.75306, 1000.00000, 2, '2024-05-28 18:58:20.850992', '2024-05-28 18:58:20.850992');
INSERT INTO `investment` VALUES (118, '纽约证券交易所', '美国最大的股票交易市场之一', '股票', 100.00000, 101.88176, 5000.00000, 3, '2024-05-28 18:58:20.873148', '2024-05-28 18:58:20.873148');
INSERT INTO `investment` VALUES (119, '铜期货', '投资于铜的期货合约', '大宗商品', 100.00000, 97.60916, 2000.00000, 3, '2024-05-28 18:58:20.898342', '2024-05-28 18:58:20.898342');
INSERT INTO `investment` VALUES (120, '东京房地产市场', '投资于东京市区的商业和居住物业', '房地产', 100.00000, 102.12843, 20000.00000, 2, '2024-05-28 18:58:20.921347', '2024-05-28 18:58:20.921347');
INSERT INTO `investment` VALUES (121, '纽约时报股票', '美国著名的新闻媒体公司股票', '股票', 100.00000, 104.77845, 5000.00000, 3, '2024-05-28 18:58:20.946084', '2024-05-28 18:58:20.946084');
INSERT INTO `investment` VALUES (122, '欧洲央行债券', '欧洲中央银行发行的稳定收益债券', '债券', 100.00000, 99.05904, 200.00000, 1, '2024-05-28 18:58:20.970527', '2024-05-28 18:58:20.970527');
INSERT INTO `investment` VALUES (123, '阿姆斯特丹REIT', '投资于荷兰阿姆斯特丹的房地产', '房地产', 100.00000, 101.35487, 5000.00000, 2, '2024-05-28 18:58:20.994020', '2024-05-28 18:58:20.994020');
INSERT INTO `investment` VALUES (124, '中国银行股票', '中国的大型国有银行股票', '股票', 100.00000, 95.81170, 20000.00000, 2, '2024-05-28 18:58:21.015786', '2024-05-28 18:58:21.015786');
INSERT INTO `investment` VALUES (125, '硅谷科技基金', '投资于美国硅谷地区科技公司的基金', '基金', 100.00000, 98.03340, 15000.00000, 4, '2024-05-28 18:58:21.037470', '2024-05-28 18:58:21.037470');
INSERT INTO `investment` VALUES (126, '沪深300指数基金', '跟踪沪深300指数的表现', '基金', 100.00000, 102.67938, 4000.00000, 3, '2024-05-28 18:58:21.061319', '2024-05-28 18:58:21.061319');
INSERT INTO `investment` VALUES (127, '南非黄金矿业', '南非的主要黄金矿业投资项目', '大宗商品', 100.00000, 99.20128, 3000.00000, 3, '2024-05-28 18:58:21.082485', '2024-05-28 18:58:21.082485');
INSERT INTO `investment` VALUES (128, '布拉德利大厦', '位于芝加哥的标志性办公楼投资', '房地产', 100.00000, 97.14535, 25000.00000, 2, '2024-05-28 18:58:21.116933', '2024-05-28 18:58:21.116933');
INSERT INTO `investment` VALUES (129, '石油期货合约', '投资于国际市场的石油期货', '大宗商品', 100.00000, 99.98567, 3000.00000, 4, '2024-05-28 18:58:21.137310', '2024-05-28 18:58:21.137310');
INSERT INTO `investment` VALUES (130, 'Facebook股票', '全球最大的社交媒体网络公司之一', '股票', 100.00000, 100.69704, 40000.00000, 3, '2024-05-28 18:58:21.157726', '2024-05-28 18:58:21.157726');
INSERT INTO `investment` VALUES (131, '德国政府债券', '德国政府发行的低风险债券', '债券', 100.00000, 99.33671, 200.00000, 1, '2024-05-28 18:58:21.180905', '2024-05-28 18:58:21.180905');
INSERT INTO `investment` VALUES (132, '新加坡房地产基金', '专注于新加坡市场的房地产投资基金', '房地产', 100.00000, 100.37718, 5000.00000, 2, '2024-05-28 18:58:21.200614', '2024-05-28 18:58:21.200614');
INSERT INTO `investment` VALUES (133, '银行间债券市场基金', '投资于亚洲银行间债券市场', '债券', 100.00000, 99.11785, 1000.00000, 2, '2024-05-28 18:58:21.225536', '2024-05-28 18:58:21.225536');
INSERT INTO `investment` VALUES (134, '国际大豆市场', '投资于国际大豆贸易市场', '大宗商品', 100.00000, 102.15691, 2000.00000, 3, '2024-05-28 18:58:21.247058', '2024-05-28 18:58:21.247058');
INSERT INTO `investment` VALUES (135, '东京证券交易所', '日本最大的证券交易所股票', '股票', 100.00000, 102.97216, 5000.00000, 3, '2024-05-28 18:58:21.269591', '2024-05-28 18:58:21.269591');
INSERT INTO `investment` VALUES (136, '香港商业地产', '投资于香港的商业房地产', '房地产', 100.00000, 100.32779, 20000.00000, 2, '2024-05-28 18:58:21.289975', '2024-05-28 18:58:21.289975');
INSERT INTO `investment` VALUES (137, '钯金投资项目', '涉及钯金的采矿和贸易投资', '大宗商品', 100.00000, 95.14812, 2000.00000, 4, '2024-05-28 18:58:21.310947', '2024-05-28 18:58:21.310947');
INSERT INTO `investment` VALUES (138, '亚马逊股票', '全球最大的电子商务和云计算公司之一', '股票', 100.00000, 104.10937, 60000.00000, 3, '2024-05-28 18:58:21.330837', '2024-05-28 18:58:21.330837');
INSERT INTO `investment` VALUES (139, '北欧房地产投资', '涵盖瑞典、挪威和丹麦的房地产投资', '房地产', 100.00000, 96.83990, 8000.00000, 2, '2024-05-28 18:58:21.351615', '2024-05-28 18:58:21.351615');
INSERT INTO `investment` VALUES (140, '铜期货投资', '专注于国际铜市场的期货合约', '大宗商品', 100.00000, 100.17991, 3000.00000, 3, '2024-05-28 18:58:21.371466', '2024-05-28 18:58:21.371466');

-- ----------------------------
-- Table structure for investment_daily_change
-- ----------------------------
DROP TABLE IF EXISTS `investment_daily_change`;
CREATE TABLE `investment_daily_change`  (
  `change_id` int(0) NOT NULL AUTO_INCREMENT,
  `investment_id` int(0) NULL DEFAULT NULL,
  `date` datetime(0) NULL DEFAULT NULL,
  `opening_value` decimal(15, 5) NULL DEFAULT NULL,
  `closing_value` decimal(15, 5) NULL DEFAULT NULL,
  `high_value` decimal(15, 5) NULL DEFAULT NULL,
  `low_value` decimal(15, 5) NULL DEFAULT NULL,
  `change_value` decimal(15, 5) NULL DEFAULT NULL,
  `change_percent` decimal(15, 5) NULL DEFAULT NULL,
  `volume` decimal(15, 5) NULL DEFAULT NULL COMMENT '成交量',
  `created_at` timestamp(0) NULL DEFAULT CURRENT_TIMESTAMP(0) ON UPDATE CURRENT_TIMESTAMP(0) COMMENT '创建时间',
  PRIMARY KEY (`change_id`) USING BTREE,
  INDEX `investment_id`(`investment_id`) USING BTREE,
  CONSTRAINT `investment_daily_change_ibfk_1` FOREIGN KEY (`investment_id`) REFERENCES `investment` (`investment_id`) ON DELETE CASCADE ON UPDATE CASCADE
) ENGINE = InnoDB AUTO_INCREMENT = 1831 CHARACTER SET = utf8mb4 COLLATE = utf8mb4_0900_ai_ci ROW_FORMAT = Dynamic;

-- ----------------------------
-- Records of investment_daily_change
-- ----------------------------
INSERT INTO `investment_daily_change` VALUES (1831, 111, '2024-05-28 00:00:00', 100.00000, 99.91004, 102.56836, 97.74906, -0.08996, -0.08996, 5089.25213, '2024-05-28 18:57:46');
INSERT INTO `investment_daily_change` VALUES (1832, 112, '2024-05-28 00:00:00', 100.00000, 98.70680, 102.02436, 98.15131, -1.29320, -1.29320, 10002.79480, '2024-05-28 18:57:46');
INSERT INTO `investment_daily_change` VALUES (1833, 113, '2024-05-28 00:00:00', 100.00000, 99.35321, 101.19426, 98.80425, -0.64679, -0.64679, 4090.89500, '2024-05-28 18:57:46');
INSERT INTO `investment_daily_change` VALUES (1834, 114, '2024-05-28 00:00:00', 100.00000, 101.84832, 102.10752, 98.72125, 1.84832, 1.84832, 4047.15850, '2024-05-28 18:57:46');
INSERT INTO `investment_daily_change` VALUES (1835, 115, '2024-05-28 00:00:00', 100.00000, 101.28216, 101.52038, 98.06026, 1.28216, 1.28216, 8307.99803, '2024-05-28 18:57:46');
INSERT INTO `investment_daily_change` VALUES (1836, 116, '2024-05-28 00:00:00', 100.00000, 97.52570, 101.16688, 96.07752, -2.47430, -2.47430, 2633.95427, '2024-05-28 18:57:46');
INSERT INTO `investment_daily_change` VALUES (1837, 117, '2024-05-28 00:00:00', 100.00000, 99.75236, 101.64111, 98.35010, -0.24764, -0.24764, 3768.87415, '2024-05-28 18:57:46');
INSERT INTO `investment_daily_change` VALUES (1838, 118, '2024-05-28 00:00:00', 100.00000, 100.54416, 101.47197, 99.99973, 0.54416, 0.54416, 4001.96305, '2024-05-28 18:57:46');
INSERT INTO `investment_daily_change` VALUES (1839, 119, '2024-05-28 00:00:00', 100.00000, 100.41258, 100.69648, 97.89143, 0.41258, 0.41258, 9154.98680, '2024-05-28 18:57:46');
INSERT INTO `investment_daily_change` VALUES (1840, 120, '2024-05-28 00:00:00', 100.00000, 98.67944, 100.81700, 97.31493, -1.32056, -1.32056, 10026.66541, '2024-05-28 18:57:46');
INSERT INTO `investment_daily_change` VALUES (1841, 121, '2024-05-28 00:00:00', 100.00000, 100.22946, 100.49043, 98.50966, 0.22946, 0.22946, 2648.57101, '2024-05-28 18:57:46');
INSERT INTO `investment_daily_change` VALUES (1842, 122, '2024-05-28 00:00:00', 100.00000, 98.90224, 101.44495, 97.78991, -1.09776, -1.09776, 5841.60239, '2024-05-28 18:57:46');
INSERT INTO `investment_daily_change` VALUES (1843, 123, '2024-05-28 00:00:00', 100.00000, 98.37719, 100.50275, 97.22727, -1.62281, -1.62281, 5509.37737, '2024-05-28 18:57:46');
INSERT INTO `investment_daily_change` VALUES (1844, 124, '2024-05-28 00:00:00', 100.00000, 98.79717, 101.43070, 98.68281, -1.20283, -1.20283, 3864.64721, '2024-05-28 18:57:46');
INSERT INTO `investment_daily_change` VALUES (1845, 125, '2024-05-28 00:00:00', 100.00000, 99.17139, 102.42498, 96.42813, -0.82861, -0.82861, 8357.10850, '2024-05-28 18:57:46');
INSERT INTO `investment_daily_change` VALUES (1846, 126, '2024-05-28 00:00:00', 100.00000, 100.42019, 102.79663, 98.92337, 0.42019, 0.42019, 9455.74411, '2024-05-28 18:57:46');
INSERT INTO `investment_daily_change` VALUES (1847, 127, '2024-05-28 00:00:00', 100.00000, 100.69279, 102.73151, 99.55867, 0.69279, 0.69279, 8636.10331, '2024-05-28 18:57:46');
INSERT INTO `investment_daily_change` VALUES (1848, 128, '2024-05-28 00:00:00', 100.00000, 99.46505, 100.23201, 98.38077, -0.53495, -0.53495, 7932.68042, '2024-05-28 18:57:46');
INSERT INTO `investment_daily_change` VALUES (1849, 129, '2024-05-28 00:00:00', 100.00000, 97.43828, 100.40054, 94.63645, -2.56172, -2.56172, 10238.83615, '2024-05-28 18:57:46');
INSERT INTO `investment_daily_change` VALUES (1850, 130, '2024-05-28 00:00:00', 100.00000, 98.22891, 100.69762, 98.17721, -1.77109, -1.77109, 5171.45226, '2024-05-28 18:57:46');
INSERT INTO `investment_daily_change` VALUES (1851, 131, '2024-05-28 00:00:00', 100.00000, 100.51219, 100.97068, 99.29680, 0.51219, 0.51219, 8764.79182, '2024-05-28 18:57:46');
INSERT INTO `investment_daily_change` VALUES (1852, 132, '2024-05-28 00:00:00', 100.00000, 100.13774, 100.94043, 99.61081, 0.13774, 0.13774, 6517.79019, '2024-05-28 18:57:46');
INSERT INTO `investment_daily_change` VALUES (1853, 133, '2024-05-28 00:00:00', 100.00000, 98.85872, 100.56658, 98.30107, -1.14128, -1.14128, 8391.27932, '2024-05-28 18:57:46');
INSERT INTO `investment_daily_change` VALUES (1854, 134, '2024-05-28 00:00:00', 100.00000, 98.63925, 101.46814, 97.79285, -1.36075, -1.36075, 1236.40127, '2024-05-28 18:57:46');
INSERT INTO `investment_daily_change` VALUES (1855, 135, '2024-05-28 00:00:00', 100.00000, 102.44530, 103.19505, 99.17000, 2.44530, 2.44530, 8832.74505, '2024-05-28 18:57:47');
INSERT INTO `investment_daily_change` VALUES (1856, 136, '2024-05-28 00:00:00', 100.00000, 100.65088, 102.08527, 99.03251, 0.65088, 0.65088, 2224.49501, '2024-05-28 18:57:47');
INSERT INTO `investment_daily_change` VALUES (1857, 137, '2024-05-28 00:00:00', 100.00000, 99.60257, 101.28636, 98.81893, -0.39743, -0.39743, 3365.15224, '2024-05-28 18:57:47');
INSERT INTO `investment_daily_change` VALUES (1858, 138, '2024-05-28 00:00:00', 100.00000, 100.06746, 100.38223, 99.73160, 0.06746, 0.06746, 3216.15435, '2024-05-28 18:57:47');
INSERT INTO `investment_daily_change` VALUES (1859, 139, '2024-05-28 00:00:00', 100.00000, 98.43654, 101.21907, 96.55581, -1.56346, -1.56346, 1391.98281, '2024-05-28 18:57:47');
INSERT INTO `investment_daily_change` VALUES (1860, 140, '2024-05-28 00:00:00', 100.00000, 100.16187, 100.75179, 99.32970, 0.16187, 0.16187, 8204.11329, '2024-05-28 18:57:47');
INSERT INTO `investment_daily_change` VALUES (1861, 111, '2024-05-28 00:00:00', 99.91004, 100.50800, 101.04338, 99.51031, 0.59796, 0.59850, 1528.43183, '2024-05-28 18:57:48');
INSERT INTO `investment_daily_change` VALUES (1862, 112, '2024-05-28 00:00:00', 98.70680, 98.64058, 99.47298, 98.63073, -0.06622, -0.06708, 10305.50409, '2024-05-28 18:57:49');
INSERT INTO `investment_daily_change` VALUES (1863, 113, '2024-05-28 00:00:00', 99.35321, 98.56662, 99.63549, 98.33163, -0.78659, -0.79171, 3680.34880, '2024-05-28 18:57:49');
INSERT INTO `investment_daily_change` VALUES (1864, 114, '2024-05-28 00:00:00', 101.84832, 100.61278, 103.26284, 100.49614, -1.23554, -1.21312, 9798.13674, '2024-05-28 18:57:49');
INSERT INTO `investment_daily_change` VALUES (1865, 115, '2024-05-28 00:00:00', 101.28216, 102.88108, 103.03556, 99.03462, 1.59892, 1.57868, 1094.49574, '2024-05-28 18:57:49');
INSERT INTO `investment_daily_change` VALUES (1866, 116, '2024-05-28 00:00:00', 97.52570, 99.62341, 100.57019, 96.89626, 2.09771, 2.15093, 3553.87453, '2024-05-28 18:57:49');
INSERT INTO `investment_daily_change` VALUES (1867, 117, '2024-05-28 00:00:00', 99.75236, 99.09191, 100.34159, 97.91809, -0.66045, -0.66209, 5856.67914, '2024-05-28 18:57:49');
INSERT INTO `investment_daily_change` VALUES (1868, 118, '2024-05-28 00:00:00', 100.54416, 101.31609, 102.28435, 100.38205, 0.77193, 0.76776, 10595.66379, '2024-05-28 18:57:49');
INSERT INTO `investment_daily_change` VALUES (1869, 119, '2024-05-28 00:00:00', 100.41258, 100.21941, 101.55039, 99.87512, -0.19317, -0.19237, 3814.32145, '2024-05-28 18:57:49');
INSERT INTO `investment_daily_change` VALUES (1870, 120, '2024-05-28 00:00:00', 98.67944, 100.24952, 101.72374, 98.18168, 1.57008, 1.59109, 1004.78727, '2024-05-28 18:57:49');
INSERT INTO `investment_daily_change` VALUES (1871, 121, '2024-05-28 00:00:00', 100.22946, 101.71154, 102.73538, 98.24124, 1.48208, 1.47869, 7400.03311, '2024-05-28 18:57:49');
INSERT INTO `investment_daily_change` VALUES (1872, 122, '2024-05-28 00:00:00', 98.90224, 98.13134, 100.17326, 97.33453, -0.77090, -0.77946, 7904.89605, '2024-05-28 18:57:49');
INSERT INTO `investment_daily_change` VALUES (1873, 123, '2024-05-28 00:00:00', 98.37719, 99.84772, 101.17949, 97.40831, 1.47053, 1.49479, 7332.74868, '2024-05-28 18:57:49');
INSERT INTO `investment_daily_change` VALUES (1874, 124, '2024-05-28 00:00:00', 98.79717, 99.41805, 100.13044, 97.33527, 0.62088, 0.62844, 4749.38886, '2024-05-28 18:57:49');
INSERT INTO `investment_daily_change` VALUES (1875, 125, '2024-05-28 00:00:00', 99.17139, 97.40656, 100.39022, 96.86921, -1.76483, -1.77958, 6672.98717, '2024-05-28 18:57:49');
INSERT INTO `investment_daily_change` VALUES (1876, 126, '2024-05-28 00:00:00', 100.42019, 99.17067, 100.82257, 97.04056, -1.24952, -1.24429, 2638.69747, '2024-05-28 18:57:49');
INSERT INTO `investment_daily_change` VALUES (1877, 127, '2024-05-28 00:00:00', 100.69279, 99.79095, 101.47963, 99.72992, -0.90184, -0.89564, 3208.80397, '2024-05-28 18:57:49');
INSERT INTO `investment_daily_change` VALUES (1878, 128, '2024-05-28 00:00:00', 99.46505, 97.90059, 101.17464, 95.96131, -1.56446, -1.57287, 4894.04147, '2024-05-28 18:57:49');
INSERT INTO `investment_daily_change` VALUES (1879, 129, '2024-05-28 00:00:00', 97.43828, 98.58363, 100.00974, 97.42604, 1.14535, 1.17546, 8648.99016, '2024-05-28 18:57:49');
INSERT INTO `investment_daily_change` VALUES (1880, 130, '2024-05-28 00:00:00', 98.22891, 97.14131, 100.65437, 94.69993, -1.08760, -1.10721, 8614.21624, '2024-05-28 18:57:49');
INSERT INTO `investment_daily_change` VALUES (1881, 131, '2024-05-28 00:00:00', 100.51219, 100.86192, 102.17608, 99.99476, 0.34973, 0.34795, 5600.08838, '2024-05-28 18:57:49');
INSERT INTO `investment_daily_change` VALUES (1882, 132, '2024-05-28 00:00:00', 100.13774, 98.79744, 101.51608, 97.78551, -1.34030, -1.33845, 5441.97508, '2024-05-28 18:57:49');
INSERT INTO `investment_daily_change` VALUES (1883, 133, '2024-05-28 00:00:00', 98.85872, 98.57036, 99.46486, 98.37123, -0.28836, -0.29169, 5803.78242, '2024-05-28 18:57:49');
INSERT INTO `investment_daily_change` VALUES (1884, 134, '2024-05-28 00:00:00', 98.63925, 99.99631, 102.32304, 97.14694, 1.35706, 1.37578, 6266.56843, '2024-05-28 18:57:49');
INSERT INTO `investment_daily_change` VALUES (1885, 135, '2024-05-28 00:00:00', 102.44530, 103.77943, 105.43155, 100.94889, 1.33413, 1.30229, 5611.22676, '2024-05-28 18:57:49');
INSERT INTO `investment_daily_change` VALUES (1886, 136, '2024-05-28 00:00:00', 100.65088, 101.18791, 103.13804, 98.81305, 0.53703, 0.53355, 7089.00358, '2024-05-28 18:57:49');
INSERT INTO `investment_daily_change` VALUES (1887, 137, '2024-05-28 00:00:00', 99.60257, 100.34505, 100.35624, 97.46014, 0.74248, 0.74545, 7170.87603, '2024-05-28 18:57:49');
INSERT INTO `investment_daily_change` VALUES (1888, 138, '2024-05-28 00:00:00', 100.06746, 99.26664, 100.15685, 97.71151, -0.80082, -0.80028, 5776.58500, '2024-05-28 18:57:49');
INSERT INTO `investment_daily_change` VALUES (1889, 139, '2024-05-28 00:00:00', 98.43654, 98.39196, 100.06272, 98.13995, -0.04458, -0.04529, 6306.37958, '2024-05-28 18:57:49');
INSERT INTO `investment_daily_change` VALUES (1890, 140, '2024-05-28 00:00:00', 100.16187, 97.79610, 101.25859, 97.47316, -2.36577, -2.36194, 1933.30199, '2024-05-28 18:57:49');
INSERT INTO `investment_daily_change` VALUES (1891, 111, '2024-05-28 00:00:00', 100.50800, 101.97973, 102.89813, 100.41428, 1.47173, 1.46430, 10561.09935, '2024-05-28 18:57:57');
INSERT INTO `investment_daily_change` VALUES (1892, 112, '2024-05-28 00:00:00', 98.64058, 97.29188, 99.43846, 96.20103, -1.34870, -1.36729, 4612.62066, '2024-05-28 18:57:57');
INSERT INTO `investment_daily_change` VALUES (1893, 113, '2024-05-28 00:00:00', 98.56662, 97.56155, 99.78314, 96.07728, -1.00507, -1.01969, 3385.81879, '2024-05-28 18:57:57');
INSERT INTO `investment_daily_change` VALUES (1894, 114, '2024-05-28 00:00:00', 100.61278, 102.17592, 104.16900, 99.13670, 1.56314, 1.55362, 5099.24731, '2024-05-28 18:57:57');
INSERT INTO `investment_daily_change` VALUES (1895, 115, '2024-05-28 00:00:00', 102.88108, 101.18916, 104.36217, 98.65431, -1.69192, -1.64454, 2946.20155, '2024-05-28 18:57:57');
INSERT INTO `investment_daily_change` VALUES (1896, 116, '2024-05-28 00:00:00', 99.62341, 99.99287, 101.08536, 98.51425, 0.36946, 0.37085, 4486.42472, '2024-05-28 18:57:57');
INSERT INTO `investment_daily_change` VALUES (1897, 117, '2024-05-28 00:00:00', 99.09191, 99.08817, 101.03491, 97.25577, -0.00374, -0.00378, 6526.56375, '2024-05-28 18:57:57');
INSERT INTO `investment_daily_change` VALUES (1898, 118, '2024-05-28 00:00:00', 101.31609, 99.08438, 102.47662, 96.83075, -2.23171, -2.20272, 8275.32110, '2024-05-28 18:57:57');
INSERT INTO `investment_daily_change` VALUES (1899, 119, '2024-05-28 00:00:00', 100.21941, 99.43316, 101.71593, 97.19320, -0.78625, -0.78453, 4006.52232, '2024-05-28 18:57:57');
INSERT INTO `investment_daily_change` VALUES (1900, 120, '2024-05-28 00:00:00', 100.24952, 101.69829, 102.95521, 99.45648, 1.44877, 1.44517, 2723.07728, '2024-05-28 18:57:57');
INSERT INTO `investment_daily_change` VALUES (1901, 121, '2024-05-28 00:00:00', 101.71154, 102.63781, 103.78459, 101.33251, 0.92627, 0.91068, 6387.08170, '2024-05-28 18:57:57');
INSERT INTO `investment_daily_change` VALUES (1902, 122, '2024-05-28 00:00:00', 98.13134, 97.95548, 99.47242, 97.59665, -0.17586, -0.17921, 10166.07430, '2024-05-28 18:57:57');
INSERT INTO `investment_daily_change` VALUES (1903, 123, '2024-05-28 00:00:00', 99.84772, 100.45280, 101.15247, 99.11207, 0.60508, 0.60600, 7842.72219, '2024-05-28 18:57:57');
INSERT INTO `investment_daily_change` VALUES (1904, 124, '2024-05-28 00:00:00', 99.41805, 97.75542, 100.52886, 97.73478, -1.66263, -1.67236, 3044.98291, '2024-05-28 18:57:57');
INSERT INTO `investment_daily_change` VALUES (1905, 125, '2024-05-28 00:00:00', 97.40656, 96.08181, 98.29636, 93.91156, -1.32475, -1.36002, 2276.05016, '2024-05-28 18:57:57');
INSERT INTO `investment_daily_change` VALUES (1906, 126, '2024-05-28 00:00:00', 99.17067, 100.21826, 100.32267, 98.47219, 1.04759, 1.05635, 8858.15627, '2024-05-28 18:57:57');
INSERT INTO `investment_daily_change` VALUES (1907, 127, '2024-05-28 00:00:00', 99.79095, 99.97092, 100.90858, 99.68350, 0.17997, 0.18035, 7851.57618, '2024-05-28 18:57:57');
INSERT INTO `investment_daily_change` VALUES (1908, 128, '2024-05-28 00:00:00', 97.90059, 96.50856, 98.94243, 95.78294, -1.39203, -1.42188, 10769.93254, '2024-05-28 18:57:57');
INSERT INTO `investment_daily_change` VALUES (1909, 129, '2024-05-28 00:00:00', 98.58363, 98.62349, 101.27924, 96.73785, 0.03986, 0.04043, 5485.18053, '2024-05-28 18:57:57');
INSERT INTO `investment_daily_change` VALUES (1910, 130, '2024-05-28 00:00:00', 97.14131, 97.29495, 98.44962, 94.79690, 0.15364, 0.15816, 1100.40430, '2024-05-28 18:57:57');
INSERT INTO `investment_daily_change` VALUES (1911, 131, '2024-05-28 00:00:00', 100.86192, 100.42274, 101.09676, 99.49359, -0.43918, -0.43543, 9765.82978, '2024-05-28 18:57:57');
INSERT INTO `investment_daily_change` VALUES (1912, 132, '2024-05-28 00:00:00', 98.79744, 100.74877, 101.88228, 97.64005, 1.95133, 1.97508, 7423.22291, '2024-05-28 18:57:57');
INSERT INTO `investment_daily_change` VALUES (1913, 133, '2024-05-28 00:00:00', 98.57036, 98.24308, 99.61279, 97.54148, -0.32728, -0.33203, 3286.10661, '2024-05-28 18:57:57');
INSERT INTO `investment_daily_change` VALUES (1914, 134, '2024-05-28 00:00:00', 99.99631, 101.04468, 102.87496, 98.66490, 1.04837, 1.04841, 3497.99585, '2024-05-28 18:57:57');
INSERT INTO `investment_daily_change` VALUES (1915, 135, '2024-05-28 00:00:00', 103.77943, 104.71743, 105.31965, 102.06135, 0.93800, 0.90384, 7858.11698, '2024-05-28 18:57:57');
INSERT INTO `investment_daily_change` VALUES (1916, 136, '2024-05-28 00:00:00', 101.18791, 103.02803, 104.92738, 100.58916, 1.84012, 1.81852, 9763.84173, '2024-05-28 18:57:57');
INSERT INTO `investment_daily_change` VALUES (1917, 137, '2024-05-28 00:00:00', 100.34505, 99.24507, 101.61010, 97.78152, -1.09998, -1.09619, 8591.33351, '2024-05-28 18:57:57');
INSERT INTO `investment_daily_change` VALUES (1918, 138, '2024-05-28 00:00:00', 99.26664, 100.98397, 101.75094, 97.18090, 1.71733, 1.73002, 10620.66548, '2024-05-28 18:57:58');
INSERT INTO `investment_daily_change` VALUES (1919, 139, '2024-05-28 00:00:00', 98.39196, 96.97879, 98.79714, 95.24830, -1.41317, -1.43627, 9308.94216, '2024-05-28 18:57:58');
INSERT INTO `investment_daily_change` VALUES (1920, 140, '2024-05-28 00:00:00', 97.79610, 99.26017, 100.50197, 96.70139, 1.46407, 1.49706, 8224.71448, '2024-05-28 18:57:58');
INSERT INTO `investment_daily_change` VALUES (1921, 111, '2024-05-28 00:00:00', 101.97973, 99.68623, 104.23757, 98.11804, -2.29350, -2.24897, 10279.25019, '2024-05-28 18:58:07');
INSERT INTO `investment_daily_change` VALUES (1922, 112, '2024-05-28 00:00:00', 97.29188, 99.47707, 100.72434, 95.66508, 2.18519, 2.24602, 5024.98136, '2024-05-28 18:58:07');
INSERT INTO `investment_daily_change` VALUES (1923, 113, '2024-05-28 00:00:00', 97.56155, 97.13353, 98.85413, 96.23647, -0.42802, -0.43872, 1738.72236, '2024-05-28 18:58:07');
INSERT INTO `investment_daily_change` VALUES (1924, 114, '2024-05-28 00:00:00', 102.17592, 100.28488, 102.85465, 98.84701, -1.89104, -1.85077, 9767.01229, '2024-05-28 18:58:07');
INSERT INTO `investment_daily_change` VALUES (1925, 115, '2024-05-28 00:00:00', 101.18916, 98.37069, 101.67134, 96.25645, -2.81847, -2.78535, 9183.20374, '2024-05-28 18:58:07');
INSERT INTO `investment_daily_change` VALUES (1926, 116, '2024-05-28 00:00:00', 99.99287, 100.11439, 100.34277, 98.87537, 0.12152, 0.12153, 4190.68605, '2024-05-28 18:58:07');
INSERT INTO `investment_daily_change` VALUES (1927, 117, '2024-05-28 00:00:00', 99.08817, 98.94404, 99.59884, 98.71805, -0.14413, -0.14546, 8903.89434, '2024-05-28 18:58:07');
INSERT INTO `investment_daily_change` VALUES (1928, 118, '2024-05-28 00:00:00', 99.08438, 101.19801, 102.51444, 97.82396, 2.11363, 2.13316, 10148.52477, '2024-05-28 18:58:07');
INSERT INTO `investment_daily_change` VALUES (1929, 119, '2024-05-28 00:00:00', 99.43316, 97.16101, 100.20676, 96.50898, -2.27215, -2.28511, 4744.63731, '2024-05-28 18:58:07');
INSERT INTO `investment_daily_change` VALUES (1930, 120, '2024-05-28 00:00:00', 101.69829, 102.24269, 102.39643, 100.69625, 0.54440, 0.53531, 9371.09959, '2024-05-28 18:58:07');
INSERT INTO `investment_daily_change` VALUES (1931, 121, '2024-05-28 00:00:00', 102.63781, 104.04016, 106.19730, 102.54414, 1.40235, 1.36631, 9557.08250, '2024-05-28 18:58:07');
INSERT INTO `investment_daily_change` VALUES (1932, 122, '2024-05-28 00:00:00', 97.95548, 98.57178, 98.59697, 97.35172, 0.61630, 0.62916, 10606.09344, '2024-05-28 18:58:07');
INSERT INTO `investment_daily_change` VALUES (1933, 123, '2024-05-28 00:00:00', 100.45280, 101.69047, 103.52782, 99.39226, 1.23767, 1.23209, 7330.28911, '2024-05-28 18:58:08');
INSERT INTO `investment_daily_change` VALUES (1934, 124, '2024-05-28 00:00:00', 97.75542, 97.48755, 97.80943, 97.29988, -0.26787, -0.27402, 1357.58418, '2024-05-28 18:58:08');
INSERT INTO `investment_daily_change` VALUES (1935, 125, '2024-05-28 00:00:00', 96.08181, 98.81259, 100.56860, 95.55321, 2.73078, 2.84214, 4471.32960, '2024-05-28 18:58:08');
INSERT INTO `investment_daily_change` VALUES (1936, 126, '2024-05-28 00:00:00', 100.21826, 100.57142, 101.94348, 99.80397, 0.35316, 0.35239, 3952.10856, '2024-05-28 18:58:08');
INSERT INTO `investment_daily_change` VALUES (1937, 127, '2024-05-28 00:00:00', 99.97092, 99.35042, 101.99246, 98.07586, -0.62050, -0.62068, 1213.45521, '2024-05-28 18:58:08');
INSERT INTO `investment_daily_change` VALUES (1938, 128, '2024-05-28 00:00:00', 96.50856, 97.15952, 98.33941, 96.03800, 0.65096, 0.67451, 8158.07265, '2024-05-28 18:58:08');
INSERT INTO `investment_daily_change` VALUES (1939, 129, '2024-05-28 00:00:00', 98.62349, 98.45762, 101.55950, 95.61112, -0.16587, -0.16819, 6628.39057, '2024-05-28 18:58:08');
INSERT INTO `investment_daily_change` VALUES (1940, 130, '2024-05-28 00:00:00', 97.29495, 98.82530, 101.05430, 96.37220, 1.53035, 1.57290, 5085.06805, '2024-05-28 18:58:08');
INSERT INTO `investment_daily_change` VALUES (1941, 131, '2024-05-28 00:00:00', 100.42274, 99.63694, 101.09371, 99.17394, -0.78580, -0.78249, 3219.31353, '2024-05-28 18:58:08');
INSERT INTO `investment_daily_change` VALUES (1942, 132, '2024-05-28 00:00:00', 100.74877, 101.44663, 102.68110, 99.89925, 0.69786, 0.69268, 9589.65849, '2024-05-28 18:58:08');
INSERT INTO `investment_daily_change` VALUES (1943, 133, '2024-05-28 00:00:00', 98.24308, 97.52190, 98.72439, 95.54670, -0.72118, -0.73407, 9571.08832, '2024-05-28 18:58:08');
INSERT INTO `investment_daily_change` VALUES (1944, 134, '2024-05-28 00:00:00', 101.04468, 102.42062, 104.85286, 100.10135, 1.37594, 1.36172, 10914.19910, '2024-05-28 18:58:08');
INSERT INTO `investment_daily_change` VALUES (1945, 135, '2024-05-28 00:00:00', 104.71743, 103.40828, 105.97308, 103.37397, -1.30915, -1.25017, 2034.31158, '2024-05-28 18:58:08');
INSERT INTO `investment_daily_change` VALUES (1946, 136, '2024-05-28 00:00:00', 103.02803, 102.20946, 103.86694, 100.31512, -0.81857, -0.79451, 3785.24869, '2024-05-28 18:58:08');
INSERT INTO `investment_daily_change` VALUES (1947, 137, '2024-05-28 00:00:00', 99.24507, 97.57726, 100.60112, 96.39173, -1.66781, -1.68050, 8919.73296, '2024-05-28 18:58:08');
INSERT INTO `investment_daily_change` VALUES (1948, 138, '2024-05-28 00:00:00', 100.98397, 103.12604, 104.09331, 100.74527, 2.14207, 2.12120, 4698.14220, '2024-05-28 18:58:08');
INSERT INTO `investment_daily_change` VALUES (1949, 139, '2024-05-28 00:00:00', 96.97879, 98.44881, 100.24046, 96.04860, 1.47002, 1.51581, 3179.61654, '2024-05-28 18:58:08');
INSERT INTO `investment_daily_change` VALUES (1950, 140, '2024-05-28 00:00:00', 99.26017, 98.57606, 100.88705, 98.06611, -0.68411, -0.68921, 10614.27935, '2024-05-28 18:58:08');
INSERT INTO `investment_daily_change` VALUES (1951, 111, '2024-05-28 00:00:00', 99.68623, 97.77173, 101.40012, 97.28375, -1.91450, -1.92053, 2052.60113, '2024-05-28 18:58:20');
INSERT INTO `investment_daily_change` VALUES (1952, 112, '2024-05-28 00:00:00', 99.47707, 100.71592, 102.66787, 99.46417, 1.23885, 1.24537, 9797.69830, '2024-05-28 18:58:20');
INSERT INTO `investment_daily_change` VALUES (1953, 113, '2024-05-28 00:00:00', 97.13353, 96.61619, 98.43044, 95.95376, -0.51734, -0.53261, 4648.62609, '2024-05-28 18:58:20');
INSERT INTO `investment_daily_change` VALUES (1954, 114, '2024-05-28 00:00:00', 100.28488, 98.33577, 100.92947, 97.17684, -1.94911, -1.94357, 7017.49274, '2024-05-28 18:58:20');
INSERT INTO `investment_daily_change` VALUES (1955, 115, '2024-05-28 00:00:00', 98.37069, 96.58430, 100.42167, 95.84107, -1.78639, -1.81598, 10950.48094, '2024-05-28 18:58:20');
INSERT INTO `investment_daily_change` VALUES (1956, 116, '2024-05-28 00:00:00', 100.11439, 101.59012, 103.14012, 97.64973, 1.47573, 1.47404, 7842.63673, '2024-05-28 18:58:20');
INSERT INTO `investment_daily_change` VALUES (1957, 117, '2024-05-28 00:00:00', 98.94404, 100.75306, 101.79848, 97.43085, 1.80902, 1.82832, 8208.54490, '2024-05-28 18:58:20');
INSERT INTO `investment_daily_change` VALUES (1958, 118, '2024-05-28 00:00:00', 101.19801, 101.88176, 102.99340, 100.34267, 0.68375, 0.67565, 9255.77880, '2024-05-28 18:58:20');
INSERT INTO `investment_daily_change` VALUES (1959, 119, '2024-05-28 00:00:00', 97.16101, 97.60916, 97.61823, 95.12847, 0.44815, 0.46124, 3205.27720, '2024-05-28 18:58:20');
INSERT INTO `investment_daily_change` VALUES (1960, 120, '2024-05-28 00:00:00', 102.24269, 102.12843, 103.90813, 101.28558, -0.11426, -0.11176, 6312.56797, '2024-05-28 18:58:20');
INSERT INTO `investment_daily_change` VALUES (1961, 121, '2024-05-28 00:00:00', 104.04016, 104.77845, 105.85073, 102.13087, 0.73829, 0.70962, 1366.02036, '2024-05-28 18:58:20');
INSERT INTO `investment_daily_change` VALUES (1962, 122, '2024-05-28 00:00:00', 98.57178, 99.05904, 100.25764, 98.44989, 0.48726, 0.49432, 7073.07661, '2024-05-28 18:58:20');
INSERT INTO `investment_daily_change` VALUES (1963, 123, '2024-05-28 00:00:00', 101.69047, 101.35487, 101.95383, 101.10598, -0.33560, -0.33002, 6192.68016, '2024-05-28 18:58:20');
INSERT INTO `investment_daily_change` VALUES (1964, 124, '2024-05-28 00:00:00', 97.48755, 95.81170, 99.15352, 95.62839, -1.67585, -1.71904, 10531.87725, '2024-05-28 18:58:21');
INSERT INTO `investment_daily_change` VALUES (1965, 125, '2024-05-28 00:00:00', 98.81259, 98.03340, 100.78574, 95.71421, -0.77919, -0.78855, 4996.84316, '2024-05-28 18:58:21');
INSERT INTO `investment_daily_change` VALUES (1966, 126, '2024-05-28 00:00:00', 100.57142, 102.67938, 103.52337, 100.12498, 2.10796, 2.09598, 4773.34157, '2024-05-28 18:58:21');
INSERT INTO `investment_daily_change` VALUES (1967, 127, '2024-05-28 00:00:00', 99.35042, 99.20128, 99.51240, 97.67632, -0.14914, -0.15012, 9408.89638, '2024-05-28 18:58:21');
INSERT INTO `investment_daily_change` VALUES (1968, 128, '2024-05-28 00:00:00', 97.15952, 97.14535, 98.00523, 96.44705, -0.01417, -0.01459, 5078.72062, '2024-05-28 18:58:21');
INSERT INTO `investment_daily_change` VALUES (1969, 129, '2024-05-28 00:00:00', 98.45762, 99.98567, 102.60877, 95.82559, 1.52805, 1.55199, 1639.70903, '2024-05-28 18:58:21');
INSERT INTO `investment_daily_change` VALUES (1970, 130, '2024-05-28 00:00:00', 98.82530, 100.69704, 102.47766, 96.78735, 1.87174, 1.89399, 4211.57072, '2024-05-28 18:58:21');
INSERT INTO `investment_daily_change` VALUES (1971, 131, '2024-05-28 00:00:00', 99.63694, 99.33671, 100.32825, 98.46917, -0.30023, -0.30132, 9971.44193, '2024-05-28 18:58:21');
INSERT INTO `investment_daily_change` VALUES (1972, 132, '2024-05-28 00:00:00', 101.44663, 100.37718, 101.59352, 100.21480, -1.06945, -1.05420, 9608.08504, '2024-05-28 18:58:21');
INSERT INTO `investment_daily_change` VALUES (1973, 133, '2024-05-28 00:00:00', 97.52190, 99.11785, 100.94528, 96.14544, 1.59595, 1.63650, 9454.04379, '2024-05-28 18:58:21');
INSERT INTO `investment_daily_change` VALUES (1974, 134, '2024-05-28 00:00:00', 102.42062, 102.15691, 103.50295, 102.12307, -0.26371, -0.25748, 4698.89561, '2024-05-28 18:58:21');
INSERT INTO `investment_daily_change` VALUES (1975, 135, '2024-05-28 00:00:00', 103.40828, 102.97216, 105.05106, 102.72713, -0.43612, -0.42175, 6283.99910, '2024-05-28 18:58:21');
INSERT INTO `investment_daily_change` VALUES (1976, 136, '2024-05-28 00:00:00', 102.20946, 100.32779, 102.37922, 98.41400, -1.88167, -1.84099, 4088.90891, '2024-05-28 18:58:21');
INSERT INTO `investment_daily_change` VALUES (1977, 137, '2024-05-28 00:00:00', 97.57726, 95.14812, 98.66632, 93.69946, -2.42914, -2.48945, 6841.89004, '2024-05-28 18:58:21');
INSERT INTO `investment_daily_change` VALUES (1978, 138, '2024-05-28 00:00:00', 103.12604, 104.10937, 104.49530, 102.58942, 0.98333, 0.95352, 4821.73335, '2024-05-28 18:58:21');
INSERT INTO `investment_daily_change` VALUES (1979, 139, '2024-05-28 00:00:00', 98.44881, 96.83990, 100.33321, 95.76752, -1.60891, -1.63426, 4865.33375, '2024-05-28 18:58:21');
INSERT INTO `investment_daily_change` VALUES (1980, 140, '2024-05-28 00:00:00', 98.57606, 100.17991, 100.49273, 97.42746, 1.60385, 1.62702, 8455.26702, '2024-05-28 18:58:21');

-- ----------------------------
-- Table structure for investment_record
-- ----------------------------
DROP TABLE IF EXISTS `investment_record`;
CREATE TABLE `investment_record`  (
  `investment_record_id` int(0) NOT NULL AUTO_INCREMENT COMMENT '投资记录id',
  `investment_id` int(0) NULL DEFAULT NULL COMMENT '投资选项id',
  `user_id` int(0) NULL DEFAULT NULL COMMENT '用户id',
  `amount` decimal(15, 5) NULL DEFAULT NULL COMMENT '数量',
  `current_prize` decimal(15, 5) NULL DEFAULT NULL COMMENT '交易发生时的价格',
  `operation` varchar(255) CHARACTER SET utf8mb4 COLLATE utf8mb4_0900_ai_ci NULL DEFAULT NULL COMMENT '\"买入\"或\"卖出\"',
  `status` varchar(255) CHARACTER SET utf8mb4 COLLATE utf8mb4_0900_ai_ci NULL DEFAULT NULL COMMENT '状态',
  `created_at` timestamp(0) NULL DEFAULT CURRENT_TIMESTAMP(0) ON UPDATE CURRENT_TIMESTAMP(0) COMMENT '创建时的时间戳',
  `updated_at` timestamp(0) NULL DEFAULT CURRENT_TIMESTAMP(0) ON UPDATE CURRENT_TIMESTAMP(0) COMMENT '上次更新时的时间戳',
  `asset_id` int(0) NULL DEFAULT NULL COMMENT '用户资产id',
  PRIMARY KEY (`investment_record_id`) USING BTREE,
  INDEX `user_id`(`user_id`) USING BTREE,
  INDEX `investment_id`(`investment_id`) USING BTREE,
  INDEX `asset_id`(`asset_id`) USING BTREE,
  CONSTRAINT `investment_record_ibfk_1` FOREIGN KEY (`user_id`) REFERENCES `user` (`user_id`) ON DELETE RESTRICT ON UPDATE CASCADE,
  CONSTRAINT `investment_record_ibfk_2` FOREIGN KEY (`investment_id`) REFERENCES `investment` (`investment_id`) ON DELETE RESTRICT ON UPDATE CASCADE,
  CONSTRAINT `investment_record_ibfk_3` FOREIGN KEY (`asset_id`) REFERENCES `asset` (`asset_id`) ON DELETE RESTRICT ON UPDATE CASCADE
) ENGINE = InnoDB AUTO_INCREMENT = 1116 CHARACTER SET = utf8mb4 COLLATE = utf8mb4_0900_ai_ci ROW_FORMAT = Dynamic;

-- ----------------------------
-- Records of investment_record
-- ----------------------------
INSERT INTO `investment_record` VALUES (1116, 121, 14, 9.98000, 101.71154, '买入', '进行中', '2024-05-28 18:57:51', '2024-05-28 18:57:51', 1073);
INSERT INTO `investment_record` VALUES (1117, 127, 14, 0.99000, 99.79095, '买入', '进行中', '2024-05-28 18:57:51', '2024-05-28 18:57:51', 1074);
INSERT INTO `investment_record` VALUES (1118, 137, 14, 13.68000, 100.34505, '买入', '进行中', '2024-05-28 18:57:51', '2024-05-28 18:57:51', 1075);
INSERT INTO `investment_record` VALUES (1119, 132, 15, 5.03000, 98.79744, '买入', '进行中', '2024-05-28 18:57:51', '2024-05-28 18:57:51', 1076);
INSERT INTO `investment_record` VALUES (1120, 119, 15, 2.61000, 100.21941, '买入', '进行中', '2024-05-28 18:57:52', '2024-05-28 18:57:52', 1077);
INSERT INTO `investment_record` VALUES (1121, 139, 15, 13.34000, 98.39196, '买入', '进行中', '2024-05-28 18:57:52', '2024-05-28 18:57:52', 1078);
INSERT INTO `investment_record` VALUES (1122, 135, 16, 9.09000, 103.77943, '买入', '进行中', '2024-05-28 18:57:52', '2024-05-28 18:57:52', 1079);
INSERT INTO `investment_record` VALUES (1123, 134, 16, 13.51000, 99.99631, '买入', '进行中', '2024-05-28 18:57:52', '2024-05-28 18:57:52', 1080);
INSERT INTO `investment_record` VALUES (1124, 112, 16, 10.96000, 98.64058, '买入', '进行中', '2024-05-28 18:57:52', '2024-05-28 18:57:52', 1081);
INSERT INTO `investment_record` VALUES (1125, 111, 17, 7.67000, 100.50800, '买入', '进行中', '2024-05-28 18:57:52', '2024-05-28 18:57:52', 1082);
INSERT INTO `investment_record` VALUES (1126, 131, 17, 6.42000, 100.86192, '买入', '进行中', '2024-05-28 18:57:52', '2024-05-28 18:57:52', 1083);
INSERT INTO `investment_record` VALUES (1127, 112, 17, 14.92000, 98.64058, '买入', '进行中', '2024-05-28 18:57:52', '2024-05-28 18:57:52', 1084);
INSERT INTO `investment_record` VALUES (1128, 127, 18, 5.18000, 99.79095, '买入', '进行中', '2024-05-28 18:57:53', '2024-05-28 18:57:53', 1085);
INSERT INTO `investment_record` VALUES (1129, 113, 18, 0.15000, 98.56662, '买入', '进行中', '2024-05-28 18:57:53', '2024-05-28 18:57:53', 1086);
INSERT INTO `investment_record` VALUES (1130, 138, 18, 4.14000, 99.26664, '买入', '进行中', '2024-05-28 18:57:53', '2024-05-28 18:57:53', 1087);
INSERT INTO `investment_record` VALUES (1131, 135, 19, 10.01000, 103.77943, '买入', '进行中', '2024-05-28 18:57:53', '2024-05-28 18:57:53', 1088);
INSERT INTO `investment_record` VALUES (1132, 139, 19, 1.37000, 98.39196, '买入', '进行中', '2024-05-28 18:57:53', '2024-05-28 18:57:53', 1089);
INSERT INTO `investment_record` VALUES (1133, 122, 19, 9.70000, 98.13134, '买入', '进行中', '2024-05-28 18:57:53', '2024-05-28 18:57:53', 1090);
INSERT INTO `investment_record` VALUES (1134, 139, 20, 0.28000, 98.39196, '买入', '进行中', '2024-05-28 18:57:53', '2024-05-28 18:57:53', 1091);
INSERT INTO `investment_record` VALUES (1135, 114, 20, 7.45000, 100.61278, '买入', '进行中', '2024-05-28 18:57:53', '2024-05-28 18:57:53', 1092);
INSERT INTO `investment_record` VALUES (1136, 126, 20, 7.94000, 99.17067, '买入', '进行中', '2024-05-28 18:57:53', '2024-05-28 18:57:53', 1093);
INSERT INTO `investment_record` VALUES (1137, 120, 21, 11.68000, 100.24952, '买入', '进行中', '2024-05-28 18:57:54', '2024-05-28 18:57:54', 1094);
INSERT INTO `investment_record` VALUES (1138, 112, 21, 0.03000, 98.64058, '买入', '进行中', '2024-05-28 18:57:54', '2024-05-28 18:57:54', 1095);
INSERT INTO `investment_record` VALUES (1139, 113, 21, 14.54000, 98.56662, '买入', '进行中', '2024-05-28 18:57:54', '2024-05-28 18:57:54', 1096);
INSERT INTO `investment_record` VALUES (1140, 136, 22, 1.28000, 101.18791, '买入', '进行中', '2024-05-28 18:57:54', '2024-05-28 18:57:54', 1097);
INSERT INTO `investment_record` VALUES (1141, 114, 22, 12.83000, 100.61278, '买入', '进行中', '2024-05-28 18:57:54', '2024-05-28 18:57:54', 1098);
INSERT INTO `investment_record` VALUES (1142, 137, 22, 3.74000, 100.34505, '买入', '进行中', '2024-05-28 18:57:54', '2024-05-28 18:57:54', 1099);
INSERT INTO `investment_record` VALUES (1143, 132, 23, 9.17000, 98.79744, '买入', '进行中', '2024-05-28 18:57:54', '2024-05-28 18:57:54', 1100);
INSERT INTO `investment_record` VALUES (1144, 111, 23, 0.97000, 100.50800, '买入', '进行中', '2024-05-28 18:57:54', '2024-05-28 18:57:54', 1101);
INSERT INTO `investment_record` VALUES (1145, 114, 23, 4.19000, 100.61278, '买入', '进行中', '2024-05-28 18:57:54', '2024-05-28 18:57:54', 1102);
INSERT INTO `investment_record` VALUES (1146, 111, 14, 0.36000, 101.97973, '买入', '进行中', '2024-05-28 18:58:00', '2024-05-28 18:58:00', 1103);
INSERT INTO `investment_record` VALUES (1147, 124, 14, 0.00000, 97.75542, '买入', '进行中', '2024-05-28 18:58:00', '2024-05-28 18:58:00', 1104);
INSERT INTO `investment_record` VALUES (1148, 114, 14, 3.00000, 102.17592, '买入', '进行中', '2024-05-28 18:58:00', '2024-05-28 18:58:00', 1105);
INSERT INTO `investment_record` VALUES (1149, 118, 15, 1.64000, 99.08438, '买入', '进行中', '2024-05-28 18:58:01', '2024-05-28 18:58:01', 1106);
INSERT INTO `investment_record` VALUES (1150, 135, 15, 3.19000, 104.71743, '买入', '进行中', '2024-05-28 18:58:01', '2024-05-28 18:58:01', 1107);
INSERT INTO `investment_record` VALUES (1151, 129, 15, 1.95000, 98.62349, '买入', '进行中', '2024-05-28 18:58:01', '2024-05-28 18:58:01', 1108);
INSERT INTO `investment_record` VALUES (1152, 118, 16, 2.30000, 99.08438, '买入', '进行中', '2024-05-28 18:58:01', '2024-05-28 18:58:01', 1109);
INSERT INTO `investment_record` VALUES (1153, 113, 16, 5.04000, 97.56155, '买入', '进行中', '2024-05-28 18:58:01', '2024-05-28 18:58:01', 1110);
INSERT INTO `investment_record` VALUES (1154, 124, 16, 7.30000, 97.75542, '买入', '进行中', '2024-05-28 18:58:01', '2024-05-28 18:58:01', 1111);
INSERT INTO `investment_record` VALUES (1155, 119, 17, 14.97000, 99.43316, '买入', '进行中', '2024-05-28 18:58:02', '2024-05-28 18:58:02', 1112);
INSERT INTO `investment_record` VALUES (1156, 121, 17, 3.03000, 102.63781, '买入', '进行中', '2024-05-28 18:58:02', '2024-05-28 18:58:02', 1113);
INSERT INTO `investment_record` VALUES (1157, 112, 17, 10.99000, 97.29188, '买入', '进行中', '2024-05-28 18:58:02', '2024-05-28 18:58:02', 1084);
INSERT INTO `investment_record` VALUES (1158, 129, 18, 8.09000, 98.62349, '买入', '进行中', '2024-05-28 18:58:02', '2024-05-28 18:58:02', 1114);
INSERT INTO `investment_record` VALUES (1159, 139, 18, 10.14000, 96.97879, '买入', '进行中', '2024-05-28 18:58:02', '2024-05-28 18:58:02', 1115);
INSERT INTO `investment_record` VALUES (1160, 130, 18, 5.82000, 97.29495, '买入', '进行中', '2024-05-28 18:58:03', '2024-05-28 18:58:03', 1116);
INSERT INTO `investment_record` VALUES (1161, 129, 19, 1.27000, 98.62349, '买入', '进行中', '2024-05-28 18:58:03', '2024-05-28 18:58:03', 1117);
INSERT INTO `investment_record` VALUES (1162, 131, 19, 11.64000, 100.42274, '买入', '进行中', '2024-05-28 18:58:03', '2024-05-28 18:58:03', 1118);
INSERT INTO `investment_record` VALUES (1163, 120, 19, 9.07000, 101.69829, '买入', '进行中', '2024-05-28 18:58:03', '2024-05-28 18:58:03', 1119);
INSERT INTO `investment_record` VALUES (1164, 126, 20, 12.23000, 100.21826, '买入', '进行中', '2024-05-28 18:58:03', '2024-05-28 18:58:03', 1093);
INSERT INTO `investment_record` VALUES (1165, 134, 20, 14.26000, 101.04468, '买入', '进行中', '2024-05-28 18:58:03', '2024-05-28 18:58:03', 1120);
INSERT INTO `investment_record` VALUES (1166, 132, 20, 10.73000, 100.74877, '买入', '进行中', '2024-05-28 18:58:04', '2024-05-28 18:58:04', 1121);
INSERT INTO `investment_record` VALUES (1167, 137, 21, 4.45000, 99.24507, '买入', '进行中', '2024-05-28 18:58:04', '2024-05-28 18:58:04', 1122);
INSERT INTO `investment_record` VALUES (1168, 122, 21, 5.56000, 97.95548, '买入', '进行中', '2024-05-28 18:58:04', '2024-05-28 18:58:04', 1123);
INSERT INTO `investment_record` VALUES (1169, 134, 21, 14.37000, 101.04468, '买入', '进行中', '2024-05-28 18:58:04', '2024-05-28 18:58:04', 1124);
INSERT INTO `investment_record` VALUES (1170, 112, 22, 0.14000, 97.29188, '买入', '进行中', '2024-05-28 18:58:04', '2024-05-28 18:58:04', 1125);
INSERT INTO `investment_record` VALUES (1171, 138, 22, 2.46000, 100.98397, '买入', '进行中', '2024-05-28 18:58:05', '2024-05-28 18:58:05', 1126);
INSERT INTO `investment_record` VALUES (1172, 140, 22, 1.62000, 99.26017, '买入', '进行中', '2024-05-28 18:58:05', '2024-05-28 18:58:05', 1127);
INSERT INTO `investment_record` VALUES (1173, 129, 23, 0.74000, 98.62349, '买入', '进行中', '2024-05-28 18:58:05', '2024-05-28 18:58:05', 1128);
INSERT INTO `investment_record` VALUES (1174, 114, 23, 6.72000, 102.17592, '买入', '进行中', '2024-05-28 18:58:05', '2024-05-28 18:58:05', 1102);
INSERT INTO `investment_record` VALUES (1175, 115, 23, 10.77000, 101.18916, '买入', '进行中', '2024-05-28 18:58:05', '2024-05-28 18:58:05', 1129);
INSERT INTO `investment_record` VALUES (1176, 121, 14, 0.30000, 104.04016, '卖出', '进行中', '2024-05-28 18:58:09', '2024-05-28 18:58:09', 1073);
INSERT INTO `investment_record` VALUES (1177, 114, 14, 1.53000, 100.28488, '卖出', '进行中', '2024-05-28 18:58:09', '2024-05-28 18:58:09', 1105);
INSERT INTO `investment_record` VALUES (1178, 137, 14, 13.16000, 97.57726, '卖出', '进行中', '2024-05-28 18:58:10', '2024-05-28 18:58:10', 1075);
INSERT INTO `investment_record` VALUES (1179, 111, 14, 0.36000, 99.68623, '卖出', '进行中', '2024-05-28 18:58:10', '2024-05-28 18:58:10', 1103);
INSERT INTO `investment_record` VALUES (1180, 135, 15, 0.11000, 103.40828, '卖出', '进行中', '2024-05-28 18:58:10', '2024-05-28 18:58:10', 1107);
INSERT INTO `investment_record` VALUES (1181, 124, 16, 7.22000, 97.48755, '卖出', '进行中', '2024-05-28 18:58:11', '2024-05-28 18:58:11', 1111);
INSERT INTO `investment_record` VALUES (1182, 134, 16, 12.30000, 102.42062, '卖出', '进行中', '2024-05-28 18:58:11', '2024-05-28 18:58:11', 1080);
INSERT INTO `investment_record` VALUES (1183, 121, 17, 2.04000, 104.04016, '卖出', '进行中', '2024-05-28 18:58:11', '2024-05-28 18:58:11', 1113);
INSERT INTO `investment_record` VALUES (1184, 127, 18, 1.51000, 99.35042, '卖出', '进行中', '2024-05-28 18:58:12', '2024-05-28 18:58:12', 1085);
INSERT INTO `investment_record` VALUES (1185, 129, 18, 7.81000, 98.45762, '卖出', '进行中', '2024-05-28 18:58:12', '2024-05-28 18:58:12', 1114);
INSERT INTO `investment_record` VALUES (1186, 130, 18, 4.10000, 98.82530, '卖出', '进行中', '2024-05-28 18:58:12', '2024-05-28 18:58:12', 1116);
INSERT INTO `investment_record` VALUES (1187, 120, 19, 5.71000, 102.24269, '卖出', '进行中', '2024-05-28 18:58:13', '2024-05-28 18:58:13', 1119);
INSERT INTO `investment_record` VALUES (1188, 134, 20, 7.11000, 102.42062, '卖出', '进行中', '2024-05-28 18:58:13', '2024-05-28 18:58:13', 1120);
INSERT INTO `investment_record` VALUES (1189, 114, 20, 6.64000, 100.28488, '卖出', '进行中', '2024-05-28 18:58:13', '2024-05-28 18:58:13', 1092);
INSERT INTO `investment_record` VALUES (1190, 122, 21, 1.35000, 98.57178, '卖出', '进行中', '2024-05-28 18:58:14', '2024-05-28 18:58:14', 1123);
INSERT INTO `investment_record` VALUES (1191, 140, 22, 1.14000, 98.57606, '卖出', '进行中', '2024-05-28 18:58:14', '2024-05-28 18:58:14', 1127);
INSERT INTO `investment_record` VALUES (1192, 114, 22, 2.59000, 100.28488, '卖出', '进行中', '2024-05-28 18:58:14', '2024-05-28 18:58:14', 1098);
INSERT INTO `investment_record` VALUES (1193, 136, 22, 0.77000, 102.20946, '卖出', '进行中', '2024-05-28 18:58:15', '2024-05-28 18:58:15', 1097);
INSERT INTO `investment_record` VALUES (1194, 112, 22, 0.11000, 99.47707, '卖出', '进行中', '2024-05-28 18:58:15', '2024-05-28 18:58:15', 1125);
INSERT INTO `investment_record` VALUES (1195, 137, 22, 0.59000, 97.57726, '卖出', '进行中', '2024-05-28 18:58:15', '2024-05-28 18:58:15', 1099);
INSERT INTO `investment_record` VALUES (1196, 111, 23, 0.11000, 99.68623, '卖出', '进行中', '2024-05-28 18:58:16', '2024-05-28 18:58:16', 1101);
INSERT INTO `investment_record` VALUES (1197, 115, 23, 2.74000, 98.37069, '卖出', '进行中', '2024-05-28 18:58:16', '2024-05-28 18:58:16', 1129);
INSERT INTO `investment_record` VALUES (1198, 132, 23, 5.12000, 101.44663, '卖出', '进行中', '2024-05-28 18:58:16', '2024-05-28 18:58:16', 1100);
INSERT INTO `investment_record` VALUES (1199, 114, 23, 8.95000, 100.28488, '卖出', '进行中', '2024-05-28 18:58:16', '2024-05-28 18:58:16', 1102);
INSERT INTO `investment_record` VALUES (1200, 134, 16, 0.11000, 102.15691, '卖出', '进行中', '2024-05-28 18:58:22', '2024-05-28 18:58:22', 1080);
INSERT INTO `investment_record` VALUES (1201, 112, 16, 2.18000, 100.71592, '卖出', '进行中', '2024-05-28 18:58:22', '2024-05-28 18:58:22', 1081);
INSERT INTO `investment_record` VALUES (1202, 111, 17, 3.78000, 97.77173, '卖出', '进行中', '2024-05-28 18:58:23', '2024-05-28 18:58:23', 1082);
INSERT INTO `investment_record` VALUES (1203, 119, 17, 12.85000, 97.60916, '卖出', '进行中', '2024-05-28 18:58:23', '2024-05-28 18:58:23', 1112);
INSERT INTO `investment_record` VALUES (1204, 113, 18, 0.11000, 96.61619, '卖出', '进行中', '2024-05-28 18:58:23', '2024-05-28 18:58:23', 1086);
INSERT INTO `investment_record` VALUES (1205, 129, 19, 0.58000, 99.98567, '卖出', '进行中', '2024-05-28 18:58:23', '2024-05-28 18:58:23', 1117);
INSERT INTO `investment_record` VALUES (1206, 139, 19, 0.41000, 96.83990, '卖出', '进行中', '2024-05-28 18:58:24', '2024-05-28 18:58:24', 1089);
INSERT INTO `investment_record` VALUES (1207, 122, 19, 9.18000, 99.05904, '卖出', '进行中', '2024-05-28 18:58:24', '2024-05-28 18:58:24', 1090);
INSERT INTO `investment_record` VALUES (1208, 120, 19, 2.30000, 102.12843, '卖出', '进行中', '2024-05-28 18:58:24', '2024-05-28 18:58:24', 1119);
INSERT INTO `investment_record` VALUES (1209, 131, 19, 1.56000, 99.33671, '卖出', '进行中', '2024-05-28 18:58:25', '2024-05-28 18:58:25', 1118);
INSERT INTO `investment_record` VALUES (1210, 134, 21, 8.28000, 102.15691, '卖出', '进行中', '2024-05-28 18:58:25', '2024-05-28 18:58:25', 1124);
INSERT INTO `investment_record` VALUES (1211, 137, 21, 4.38000, 95.14812, '卖出', '进行中', '2024-05-28 18:58:25', '2024-05-28 18:58:25', 1122);
INSERT INTO `investment_record` VALUES (1212, 138, 22, 1.42000, 104.10937, '卖出', '进行中', '2024-05-28 18:58:26', '2024-05-28 18:58:26', 1126);
INSERT INTO `investment_record` VALUES (1213, 132, 23, 0.47000, 100.37718, '卖出', '进行中', '2024-05-28 18:58:26', '2024-05-28 18:58:26', 1100);
INSERT INTO `investment_record` VALUES (1214, 129, 23, 0.48000, 99.98567, '卖出', '进行中', '2024-05-28 18:58:26', '2024-05-28 18:58:26', 1128);
INSERT INTO `investment_record` VALUES (1215, 112, 16, 12.00000, 100.71592, '买入', '进行中', '2024-05-28 20:45:41', '2024-05-28 20:45:41', 1081);
INSERT INTO `investment_record` VALUES (1216, 112, 16, 1.00000, 100.71592, '卖出', '进行中', '2024-05-28 20:45:46', '2024-05-28 20:45:46', 1081);

-- ----------------------------
-- Table structure for user
-- ----------------------------
DROP TABLE IF EXISTS `user`;
CREATE TABLE `user`  (
  `user_id` int(0) NOT NULL AUTO_INCREMENT COMMENT '用户id',
  `username` varchar(255) CHARACTER SET utf8mb4 COLLATE utf8mb4_0900_ai_ci NULL DEFAULT NULL COMMENT '用户名',
  `password` varchar(255) CHARACTER SET utf8mb4 COLLATE utf8mb4_0900_ai_ci NULL DEFAULT NULL COMMENT '密码',
  `email` varchar(255) CHARACTER SET utf8mb4 COLLATE utf8mb4_0900_ai_ci NULL DEFAULT NULL COMMENT '邮箱地址',
  `phone` varchar(255) CHARACTER SET utf8mb4 COLLATE utf8mb4_0900_ai_ci NULL DEFAULT NULL COMMENT '电话号码',
  `first_name` varchar(255) CHARACTER SET utf8mb4 COLLATE utf8mb4_0900_ai_ci NULL DEFAULT NULL COMMENT '名',
  `last_name` varchar(255) CHARACTER SET utf8mb4 COLLATE utf8mb4_0900_ai_ci NULL DEFAULT NULL COMMENT '姓',
  `address` varchar(255) CHARACTER SET utf8mb4 COLLATE utf8mb4_0900_ai_ci NULL DEFAULT NULL COMMENT '地址',
  `created_at` timestamp(0) NULL DEFAULT CURRENT_TIMESTAMP(0) COMMENT '创建时的时间戳',
  `updated_at` timestamp(0) NULL DEFAULT CURRENT_TIMESTAMP(0) ON UPDATE CURRENT_TIMESTAMP(0) COMMENT '上次更新时间戳',
  `role` varchar(5) CHARACTER SET utf8mb4 COLLATE utf8mb4_0900_ai_ci NULL DEFAULT 'user' COMMENT '用户身份',
  PRIMARY KEY (`user_id`) USING BTREE
) ENGINE = InnoDB AUTO_INCREMENT = 14 CHARACTER SET = utf8mb4 COLLATE = utf8mb4_0900_ai_ci ROW_FORMAT = Dynamic;

-- ----------------------------
-- Records of user
-- ----------------------------
INSERT INTO `user` VALUES (8, 'su', '8d969eef6ecad3c29a3a629280e686cf0c3f5d5a86aff3ca12020c923adc6c92', 'super@gmail.com', '18888888888', 'py', 'c', 'xxxx', '2024-05-25 00:24:04', '2024-05-25 12:27:12', 'admin');
INSERT INTO `user` VALUES (14, NULL, '8d969eef6ecad3c29a3a629280e686cf0c3f5d5a86aff3ca12020c923adc6c92', 'user160@qq.com', NULL, NULL, NULL, NULL, '2024-05-28 18:57:42', '2024-05-28 18:57:42', 'user');
INSERT INTO `user` VALUES (15, NULL, '8d969eef6ecad3c29a3a629280e686cf0c3f5d5a86aff3ca12020c923adc6c92', 'user182@qq.com', NULL, NULL, NULL, NULL, '2024-05-28 18:57:42', '2024-05-28 18:57:42', 'user');
INSERT INTO `user` VALUES (16, NULL, '8d969eef6ecad3c29a3a629280e686cf0c3f5d5a86aff3ca12020c923adc6c92', 'user743@qq.com', NULL, NULL, NULL, NULL, '2024-05-28 18:57:42', '2024-05-28 18:57:42', 'user');
INSERT INTO `user` VALUES (17, NULL, '8d969eef6ecad3c29a3a629280e686cf0c3f5d5a86aff3ca12020c923adc6c92', 'user175@qq.com', NULL, NULL, NULL, NULL, '2024-05-28 18:57:42', '2024-05-28 18:57:42', 'user');
INSERT INTO `user` VALUES (18, NULL, '8d969eef6ecad3c29a3a629280e686cf0c3f5d5a86aff3ca12020c923adc6c92', 'user275@qq.com', NULL, NULL, NULL, NULL, '2024-05-28 18:57:42', '2024-05-28 18:57:42', 'user');
INSERT INTO `user` VALUES (19, NULL, '8d969eef6ecad3c29a3a629280e686cf0c3f5d5a86aff3ca12020c923adc6c92', 'user727@qq.com', NULL, NULL, NULL, NULL, '2024-05-28 18:57:44', '2024-05-28 18:57:44', 'user');
INSERT INTO `user` VALUES (20, NULL, '8d969eef6ecad3c29a3a629280e686cf0c3f5d5a86aff3ca12020c923adc6c92', 'user443@qq.com', NULL, NULL, NULL, NULL, '2024-05-28 18:57:45', '2024-05-28 18:57:45', 'user');
INSERT INTO `user` VALUES (21, NULL, '8d969eef6ecad3c29a3a629280e686cf0c3f5d5a86aff3ca12020c923adc6c92', 'user846@qq.com', NULL, NULL, NULL, NULL, '2024-05-28 18:57:45', '2024-05-28 18:57:45', 'user');
INSERT INTO `user` VALUES (22, NULL, '8d969eef6ecad3c29a3a629280e686cf0c3f5d5a86aff3ca12020c923adc6c92', 'user985@qq.com', NULL, NULL, NULL, NULL, '2024-05-28 18:57:45', '2024-05-28 18:57:45', 'user');
INSERT INTO `user` VALUES (23, NULL, '8d969eef6ecad3c29a3a629280e686cf0c3f5d5a86aff3ca12020c923adc6c92', 'user32@qq.com', NULL, NULL, NULL, NULL, '2024-05-28 18:57:45', '2024-05-28 18:57:45', 'user');

SET FOREIGN_KEY_CHECKS = 1;
