/*
 Navicat Premium Data Transfer

 Source Server         : MyConnection
 Source Server Type    : MySQL
 Source Server Version : 80036
 Source Host           : localhost:3306
 Source Schema         : invest_track_pro

 Target Server Type    : MySQL
 Target Server Version : 80036
 File Encoding         : 65001

 Date: 28/05/2024 17:47:59
*/

SET NAMES utf8mb4;
SET FOREIGN_KEY_CHECKS = 0;

-- ----------------------------
-- Table structure for asset
-- ----------------------------
DROP TABLE IF EXISTS `asset`;
CREATE TABLE `asset`  (
  `asset_id` int(0) NOT NULL AUTO_INCREMENT COMMENT 'asset_id',
  `user_id` int(0) NULL DEFAULT NULL COMMENT '用户id',
  `investment_id` int(0) NULL DEFAULT NULL COMMENT '投资项目的id',
  `amount` decimal(15, 5) NULL DEFAULT NULL COMMENT '持有数量',
  `created_at` timestamp(0) NULL DEFAULT CURRENT_TIMESTAMP(0) ON UPDATE CURRENT_TIMESTAMP(0) COMMENT '创建时间',
  `updated_at` timestamp(0) NULL DEFAULT CURRENT_TIMESTAMP(0) ON UPDATE CURRENT_TIMESTAMP(0) COMMENT '上次更新时间',
  `holding_profit` decimal(15, 5) NULL DEFAULT NULL COMMENT '持有收益',
  `total_sell_revenue` decimal(15, 5) NULL DEFAULT NULL COMMENT '实现收益',
  PRIMARY KEY (`asset_id`) USING BTREE,
  INDEX `user_id`(`user_id`) USING BTREE,
  INDEX `investment_id`(`investment_id`) USING BTREE,
  CONSTRAINT `asset_ibfk_1` FOREIGN KEY (`user_id`) REFERENCES `user` (`user_id`) ON DELETE CASCADE ON UPDATE CASCADE,
  CONSTRAINT `asset_ibfk_2` FOREIGN KEY (`investment_id`) REFERENCES `investment` (`investment_id`) ON DELETE CASCADE ON UPDATE CASCADE
) ENGINE = InnoDB AUTO_INCREMENT = 32 CHARACTER SET = utf8mb4 COLLATE = utf8mb4_0900_ai_ci ROW_FORMAT = Dynamic;

-- ----------------------------
-- Records of asset
-- ----------------------------
INSERT INTO `asset` VALUES (1071, 8, 126, 1.54000, '2024-05-28 17:47:36', '2024-05-28 17:47:36', 17.74369, -5.16307);
INSERT INTO `asset` VALUES (1072, 8, 135, -0.61000, '2024-05-28 17:47:36', '2024-05-28 17:47:37', 4.26576, 2.26668);

-- ----------------------------
-- Table structure for investment
-- ----------------------------
DROP TABLE IF EXISTS `investment`;
CREATE TABLE `investment`  (
  `investment_id` int(0) NOT NULL AUTO_INCREMENT COMMENT '投资项目id',
  `name` varchar(255) CHARACTER SET utf8mb4 COLLATE utf8mb4_0900_ai_ci NULL DEFAULT NULL COMMENT '投资项目名',
  `description` varchar(255) CHARACTER SET utf8mb4 COLLATE utf8mb4_0900_ai_ci NULL DEFAULT NULL COMMENT '投资项目描述',
  `category` varchar(255) CHARACTER SET utf8mb4 COLLATE utf8mb4_0900_ai_ci NULL DEFAULT NULL COMMENT '投资项目分类',
  `initial_value` decimal(15, 5) NULL DEFAULT NULL COMMENT '初始市值',
  `current_value` decimal(15, 5) NULL DEFAULT NULL COMMENT '当前市值',
  `expected_return` decimal(15, 5) NULL DEFAULT NULL COMMENT '预期回报',
  `risk_level` int(0) NULL DEFAULT 0 COMMENT '风险等级',
  `created_at` timestamp(6) NULL DEFAULT CURRENT_TIMESTAMP(6) ON UPDATE CURRENT_TIMESTAMP(6) COMMENT '创建时间戳',
  `update_at` timestamp(6) NULL DEFAULT CURRENT_TIMESTAMP(6) ON UPDATE CURRENT_TIMESTAMP(6) COMMENT '上次更新时间戳',
  PRIMARY KEY (`investment_id`) USING BTREE
) ENGINE = InnoDB AUTO_INCREMENT = 141 CHARACTER SET = utf8mb4 COLLATE = utf8mb4_0900_ai_ci ROW_FORMAT = Dynamic;

-- ----------------------------
-- Records of investment
-- ----------------------------
INSERT INTO `investment` VALUES (111, '纳斯达克指数基金', '跟踪纳斯达克综合指数的表现', '基金', 100.00000, 103.06378, 20000.00000, 4, '2024-05-28 17:03:30.610023', '2024-05-28 17:03:30.610023');
INSERT INTO `investment` VALUES (112, '上证50ETF', '反映上证50指数的ETF', '基金', 100.00000, 105.23007, 5000.00000, 3, '2024-05-28 17:03:30.635124', '2024-05-28 17:03:30.635124');
INSERT INTO `investment` VALUES (113, '美国国债', '美国政府发行的低风险债券', '债券', 100.00000, 96.33862, 200.00000, 1, '2024-05-28 17:03:30.659567', '2024-05-28 17:03:30.659567');
INSERT INTO `investment` VALUES (114, '标普500指数基金', '复制标准普尔500指数的表现', '基金', 100.00000, 99.27804, 10000.00000, 2, '2024-05-28 17:03:30.682687', '2024-05-28 17:03:30.682687');
INSERT INTO `investment` VALUES (115, '阿里巴巴股票', '中国最大的电子商务公司之一', '股票', 100.00000, 96.41431, 50000.00000, 4, '2024-05-28 17:03:30.707098', '2024-05-28 17:03:30.707098');
INSERT INTO `investment` VALUES (116, '房地产信托基金', '投资于多个房地产项目的REIT', '房地产', 100.00000, 100.81410, 30000.00000, 3, '2024-05-28 17:03:30.730555', '2024-05-28 17:03:30.730555');
INSERT INTO `investment` VALUES (117, '黄金现货', '投资于黄金实物或黄金合约', '大宗商品', 100.00000, 100.10328, 1000.00000, 2, '2024-05-28 17:03:30.753858', '2024-05-28 17:03:30.753858');
INSERT INTO `investment` VALUES (118, '纽约证券交易所', '美国最大的股票交易市场之一', '股票', 100.00000, 99.24532, 5000.00000, 3, '2024-05-28 17:03:30.776015', '2024-05-28 17:03:30.776015');
INSERT INTO `investment` VALUES (119, '铜期货', '投资于铜的期货合约', '大宗商品', 100.00000, 104.21563, 2000.00000, 3, '2024-05-28 17:03:30.796069', '2024-05-28 17:03:30.796069');
INSERT INTO `investment` VALUES (120, '东京房地产市场', '投资于东京市区的商业和居住物业', '房地产', 100.00000, 102.65124, 20000.00000, 2, '2024-05-28 17:03:30.825132', '2024-05-28 17:03:30.825132');
INSERT INTO `investment` VALUES (121, '纽约时报股票', '美国著名的新闻媒体公司股票', '股票', 100.00000, 93.28175, 5000.00000, 3, '2024-05-28 17:03:30.847373', '2024-05-28 17:03:30.847373');
INSERT INTO `investment` VALUES (122, '欧洲央行债券', '欧洲中央银行发行的稳定收益债券', '债券', 100.00000, 100.69080, 200.00000, 1, '2024-05-28 17:03:30.868705', '2024-05-28 17:03:30.868705');
INSERT INTO `investment` VALUES (123, '阿姆斯特丹REIT', '投资于荷兰阿姆斯特丹的房地产', '房地产', 100.00000, 97.11896, 5000.00000, 2, '2024-05-28 17:03:30.889856', '2024-05-28 17:03:30.889856');
INSERT INTO `investment` VALUES (124, '中国银行股票', '中国的大型国有银行股票', '股票', 100.00000, 100.35262, 20000.00000, 2, '2024-05-28 17:03:30.912155', '2024-05-28 17:03:30.912155');
INSERT INTO `investment` VALUES (125, '硅谷科技基金', '投资于美国硅谷地区科技公司的基金', '基金', 100.00000, 96.27129, 15000.00000, 4, '2024-05-28 17:03:30.933611', '2024-05-28 17:03:30.933611');
INSERT INTO `investment` VALUES (126, '沪深300指数基金', '跟踪沪深300指数的表现', '基金', 100.00000, 99.97152, 4000.00000, 3, '2024-05-28 17:03:30.955513', '2024-05-28 17:03:30.955513');
INSERT INTO `investment` VALUES (127, '南非黄金矿业', '南非的主要黄金矿业投资项目', '大宗商品', 100.00000, 102.82681, 3000.00000, 3, '2024-05-28 17:03:30.979599', '2024-05-28 17:03:30.979599');
INSERT INTO `investment` VALUES (128, '布拉德利大厦', '位于芝加哥的标志性办公楼投资', '房地产', 100.00000, 99.93092, 25000.00000, 2, '2024-05-28 17:03:31.000554', '2024-05-28 17:03:31.000554');
INSERT INTO `investment` VALUES (129, '石油期货合约', '投资于国际市场的石油期货', '大宗商品', 100.00000, 100.13797, 3000.00000, 4, '2024-05-28 17:03:31.020966', '2024-05-28 17:03:31.020966');
INSERT INTO `investment` VALUES (130, 'Facebook股票', '全球最大的社交媒体网络公司之一', '股票', 100.00000, 99.30442, 40000.00000, 3, '2024-05-28 17:03:31.041383', '2024-05-28 17:03:31.041383');
INSERT INTO `investment` VALUES (131, '德国政府债券', '德国政府发行的低风险债券', '债券', 100.00000, 97.01809, 200.00000, 1, '2024-05-28 17:03:31.062064', '2024-05-28 17:03:31.062064');
INSERT INTO `investment` VALUES (132, '新加坡房地产基金', '专注于新加坡市场的房地产投资基金', '房地产', 100.00000, 100.21493, 5000.00000, 2, '2024-05-28 17:03:31.089073', '2024-05-28 17:03:31.089073');
INSERT INTO `investment` VALUES (133, '银行间债券市场基金', '投资于亚洲银行间债券市场', '债券', 100.00000, 100.50538, 1000.00000, 2, '2024-05-28 17:03:31.111823', '2024-05-28 17:03:31.111823');
INSERT INTO `investment` VALUES (134, '国际大豆市场', '投资于国际大豆贸易市场', '大宗商品', 100.00000, 99.74183, 2000.00000, 3, '2024-05-28 17:03:31.131432', '2024-05-28 17:03:31.131432');
INSERT INTO `investment` VALUES (135, '东京证券交易所', '日本最大的证券交易所股票', '股票', 100.00000, 102.65944, 5000.00000, 3, '2024-05-28 17:03:31.152838', '2024-05-28 17:03:31.152838');
INSERT INTO `investment` VALUES (136, '香港商业地产', '投资于香港的商业房地产', '房地产', 100.00000, 100.90869, 20000.00000, 2, '2024-05-28 17:03:31.177011', '2024-05-28 17:03:31.177011');
INSERT INTO `investment` VALUES (137, '钯金投资项目', '涉及钯金的采矿和贸易投资', '大宗商品', 100.00000, 95.44970, 2000.00000, 4, '2024-05-28 17:03:31.200460', '2024-05-28 17:03:31.200460');
INSERT INTO `investment` VALUES (138, '亚马逊股票', '全球最大的电子商务和云计算公司之一', '股票', 100.00000, 98.66325, 60000.00000, 3, '2024-05-28 17:03:31.221598', '2024-05-28 17:03:31.221598');
INSERT INTO `investment` VALUES (139, '北欧房地产投资', '涵盖瑞典、挪威和丹麦的房地产投资', '房地产', 100.00000, 99.04972, 8000.00000, 2, '2024-05-28 17:03:31.247062', '2024-05-28 17:03:31.247062');
INSERT INTO `investment` VALUES (140, '铜期货投资', '专注于国际铜市场的期货合约', '大宗商品', 100.00000, 105.04820, 3000.00000, 3, '2024-05-28 17:03:31.270333', '2024-05-28 17:03:31.270333');

-- ----------------------------
-- Table structure for investment_daily_change
-- ----------------------------
DROP TABLE IF EXISTS `investment_daily_change`;
CREATE TABLE `investment_daily_change`  (
  `change_id` int(0) NOT NULL AUTO_INCREMENT,
  `investment_id` int(0) NULL DEFAULT NULL,
  `date` datetime(0) NULL DEFAULT NULL,
  `opening_value` decimal(15, 5) NULL DEFAULT NULL,
  `closing_value` decimal(15, 5) NULL DEFAULT NULL,
  `high_value` decimal(15, 5) NULL DEFAULT NULL,
  `low_value` decimal(15, 5) NULL DEFAULT NULL,
  `change_value` decimal(15, 5) NULL DEFAULT NULL,
  `change_percent` decimal(15, 5) NULL DEFAULT NULL,
  `volume` decimal(15, 5) NULL DEFAULT NULL COMMENT '成交量',
  `created_at` timestamp(0) NULL DEFAULT CURRENT_TIMESTAMP(0) ON UPDATE CURRENT_TIMESTAMP(0) COMMENT '创建时间',
  PRIMARY KEY (`change_id`) USING BTREE,
  INDEX `investment_id`(`investment_id`) USING BTREE,
  CONSTRAINT `investment_daily_change_ibfk_1` FOREIGN KEY (`investment_id`) REFERENCES `investment` (`investment_id`) ON DELETE CASCADE ON UPDATE CASCADE
) ENGINE = InnoDB AUTO_INCREMENT = 481 CHARACTER SET = utf8mb4 COLLATE = utf8mb4_0900_ai_ci ROW_FORMAT = Dynamic;

-- ----------------------------
-- Records of investment_daily_change
-- ----------------------------
INSERT INTO `investment_daily_change` VALUES (1681, 111, '2024-05-28 00:00:00', 100.00000, 100.12912, 100.76759, 98.18332, 0.12912, 0.12912, 2328.12251, '2024-05-28 16:55:32');
INSERT INTO `investment_daily_change` VALUES (1682, 112, '2024-05-28 00:00:00', 100.00000, 101.47134, 102.01190, 97.80145, 1.47134, 1.47134, 3408.81287, '2024-05-28 16:55:32');
INSERT INTO `investment_daily_change` VALUES (1683, 113, '2024-05-28 00:00:00', 100.00000, 98.98841, 100.10413, 97.89839, -1.01159, -1.01159, 5505.44630, '2024-05-28 16:55:32');
INSERT INTO `investment_daily_change` VALUES (1684, 114, '2024-05-28 00:00:00', 100.00000, 99.47903, 101.96811, 98.65556, -0.52097, -0.52097, 10158.13272, '2024-05-28 16:55:32');
INSERT INTO `investment_daily_change` VALUES (1685, 115, '2024-05-28 00:00:00', 100.00000, 97.16455, 102.60102, 94.41945, -2.83545, -2.83545, 2855.94305, '2024-05-28 16:55:32');
INSERT INTO `investment_daily_change` VALUES (1686, 116, '2024-05-28 00:00:00', 100.00000, 101.93221, 101.97451, 99.09993, 1.93221, 1.93221, 8466.36771, '2024-05-28 16:55:32');
INSERT INTO `investment_daily_change` VALUES (1687, 117, '2024-05-28 00:00:00', 100.00000, 101.89631, 102.66493, 99.25591, 1.89631, 1.89631, 1825.84246, '2024-05-28 16:55:32');
INSERT INTO `investment_daily_change` VALUES (1688, 118, '2024-05-28 00:00:00', 100.00000, 98.28321, 100.17032, 96.78373, -1.71679, -1.71679, 2803.16722, '2024-05-28 16:55:32');
INSERT INTO `investment_daily_change` VALUES (1689, 119, '2024-05-28 00:00:00', 100.00000, 101.14165, 101.75681, 99.51567, 1.14165, 1.14165, 1798.04007, '2024-05-28 16:55:32');
INSERT INTO `investment_daily_change` VALUES (1690, 120, '2024-05-28 00:00:00', 100.00000, 101.83159, 103.41474, 99.23948, 1.83159, 1.83159, 8599.81490, '2024-05-28 16:55:32');
INSERT INTO `investment_daily_change` VALUES (1691, 121, '2024-05-28 00:00:00', 100.00000, 98.17497, 101.04383, 97.18341, -1.82503, -1.82503, 4806.98173, '2024-05-28 16:55:32');
INSERT INTO `investment_daily_change` VALUES (1692, 122, '2024-05-28 00:00:00', 100.00000, 100.14850, 100.60515, 98.56190, 0.14850, 0.14850, 7595.76497, '2024-05-28 16:55:32');
INSERT INTO `investment_daily_change` VALUES (1693, 123, '2024-05-28 00:00:00', 100.00000, 98.04045, 101.64153, 97.79553, -1.95955, -1.95955, 10526.61712, '2024-05-28 16:55:32');
INSERT INTO `investment_daily_change` VALUES (1694, 124, '2024-05-28 00:00:00', 100.00000, 101.85008, 102.09706, 98.26238, 1.85008, 1.85008, 5290.28197, '2024-05-28 16:55:32');
INSERT INTO `investment_daily_change` VALUES (1695, 125, '2024-05-28 00:00:00', 100.00000, 97.01693, 100.41648, 94.03404, -2.98307, -2.98307, 6820.49063, '2024-05-28 16:55:32');
INSERT INTO `investment_daily_change` VALUES (1696, 126, '2024-05-28 00:00:00', 100.00000, 100.49256, 102.15861, 97.69987, 0.49256, 0.49256, 3038.24413, '2024-05-28 16:55:32');
INSERT INTO `investment_daily_change` VALUES (1697, 127, '2024-05-28 00:00:00', 100.00000, 98.13578, 100.31134, 96.01898, -1.86422, -1.86422, 9643.02486, '2024-05-28 16:55:32');
INSERT INTO `investment_daily_change` VALUES (1698, 128, '2024-05-28 00:00:00', 100.00000, 101.68795, 103.20707, 99.44623, 1.68795, 1.68795, 9829.17532, '2024-05-28 16:55:32');
INSERT INTO `investment_daily_change` VALUES (1699, 129, '2024-05-28 00:00:00', 100.00000, 102.24414, 105.18421, 99.09165, 2.24414, 2.24414, 8581.06539, '2024-05-28 16:55:33');
INSERT INTO `investment_daily_change` VALUES (1700, 130, '2024-05-28 00:00:00', 100.00000, 98.90950, 102.10851, 98.37386, -1.09050, -1.09050, 1288.56764, '2024-05-28 16:55:33');
INSERT INTO `investment_daily_change` VALUES (1701, 131, '2024-05-28 00:00:00', 100.00000, 98.69037, 100.93540, 97.30985, -1.30963, -1.30963, 6824.74590, '2024-05-28 16:55:33');
INSERT INTO `investment_daily_change` VALUES (1702, 132, '2024-05-28 00:00:00', 100.00000, 98.58891, 101.63475, 97.79330, -1.41109, -1.41109, 5940.55485, '2024-05-28 16:55:33');
INSERT INTO `investment_daily_change` VALUES (1703, 133, '2024-05-28 00:00:00', 100.00000, 101.38931, 103.20981, 98.23903, 1.38931, 1.38931, 6856.73764, '2024-05-28 16:55:33');
INSERT INTO `investment_daily_change` VALUES (1704, 134, '2024-05-28 00:00:00', 100.00000, 98.95921, 101.78803, 96.99378, -1.04079, -1.04079, 1271.00218, '2024-05-28 16:55:33');
INSERT INTO `investment_daily_change` VALUES (1705, 135, '2024-05-28 00:00:00', 100.00000, 100.11329, 100.41897, 98.89860, 0.11329, 0.11329, 5648.94352, '2024-05-28 16:55:33');
INSERT INTO `investment_daily_change` VALUES (1706, 136, '2024-05-28 00:00:00', 100.00000, 100.85523, 102.16002, 98.99393, 0.85523, 0.85523, 4630.07270, '2024-05-28 16:55:33');
INSERT INTO `investment_daily_change` VALUES (1707, 137, '2024-05-28 00:00:00', 100.00000, 97.39423, 100.88899, 95.52007, -2.60577, -2.60577, 5655.70334, '2024-05-28 16:55:33');
INSERT INTO `investment_daily_change` VALUES (1708, 138, '2024-05-28 00:00:00', 100.00000, 99.12146, 101.84247, 98.42978, -0.87854, -0.87854, 6513.33519, '2024-05-28 16:55:33');
INSERT INTO `investment_daily_change` VALUES (1709, 139, '2024-05-28 00:00:00', 100.00000, 100.18785, 100.59475, 98.25124, 0.18785, 0.18785, 10392.56908, '2024-05-28 16:55:33');
INSERT INTO `investment_daily_change` VALUES (1710, 140, '2024-05-28 00:00:00', 100.00000, 100.95599, 103.16938, 99.26355, 0.95599, 0.95599, 6260.47308, '2024-05-28 16:55:33');
INSERT INTO `investment_daily_change` VALUES (1711, 111, '2024-05-28 00:00:00', 100.12912, 102.15519, 102.30009, 98.23498, 2.02607, 2.02345, 5889.71404, '2024-05-28 16:55:34');
INSERT INTO `investment_daily_change` VALUES (1712, 112, '2024-05-28 00:00:00', 101.47134, 100.82559, 103.30664, 99.39854, -0.64575, -0.63639, 2710.65857, '2024-05-28 16:55:34');
INSERT INTO `investment_daily_change` VALUES (1713, 113, '2024-05-28 00:00:00', 98.98841, 98.29048, 99.29470, 98.17571, -0.69793, -0.70507, 1809.03747, '2024-05-28 16:55:34');
INSERT INTO `investment_daily_change` VALUES (1714, 114, '2024-05-28 00:00:00', 99.47903, 99.98025, 100.15981, 99.13134, 0.50122, 0.50385, 4853.65588, '2024-05-28 16:55:34');
INSERT INTO `investment_daily_change` VALUES (1715, 115, '2024-05-28 00:00:00', 97.16455, 95.03626, 98.81497, 93.54831, -2.12829, -2.19040, 8514.03002, '2024-05-28 16:55:34');
INSERT INTO `investment_daily_change` VALUES (1716, 116, '2024-05-28 00:00:00', 101.93221, 102.06344, 103.58190, 99.65134, 0.13123, 0.12875, 10015.71161, '2024-05-28 16:55:34');
INSERT INTO `investment_daily_change` VALUES (1717, 117, '2024-05-28 00:00:00', 101.89631, 100.95252, 102.34935, 98.95535, -0.94379, -0.92622, 8881.45874, '2024-05-28 16:55:34');
INSERT INTO `investment_daily_change` VALUES (1718, 118, '2024-05-28 00:00:00', 98.28321, 99.65351, 101.25272, 97.46608, 1.37030, 1.39424, 9619.30132, '2024-05-28 16:55:34');
INSERT INTO `investment_daily_change` VALUES (1719, 119, '2024-05-28 00:00:00', 101.14165, 103.54563, 105.73458, 99.75132, 2.40398, 2.37685, 6143.93686, '2024-05-28 16:55:34');
INSERT INTO `investment_daily_change` VALUES (1720, 120, '2024-05-28 00:00:00', 101.83159, 102.92603, 103.82238, 101.66227, 1.09444, 1.07475, 5055.78786, '2024-05-28 16:55:34');
INSERT INTO `investment_daily_change` VALUES (1721, 121, '2024-05-28 00:00:00', 98.17497, 96.29930, 99.88329, 94.82470, -1.87567, -1.91054, 1552.43844, '2024-05-28 16:55:34');
INSERT INTO `investment_daily_change` VALUES (1722, 122, '2024-05-28 00:00:00', 100.14850, 100.49637, 100.82247, 99.95967, 0.34787, 0.34735, 8710.05919, '2024-05-28 16:55:34');
INSERT INTO `investment_daily_change` VALUES (1723, 123, '2024-05-28 00:00:00', 98.04045, 96.77119, 99.61872, 95.62041, -1.26926, -1.29463, 8147.82377, '2024-05-28 16:55:34');
INSERT INTO `investment_daily_change` VALUES (1724, 124, '2024-05-28 00:00:00', 101.85008, 100.99045, 102.97799, 100.67417, -0.85963, -0.84401, 7676.20522, '2024-05-28 16:55:34');
INSERT INTO `investment_daily_change` VALUES (1725, 125, '2024-05-28 00:00:00', 97.01693, 96.88413, 99.65538, 95.71661, -0.13280, -0.13689, 9430.43506, '2024-05-28 16:55:34');
INSERT INTO `investment_daily_change` VALUES (1726, 126, '2024-05-28 00:00:00', 100.49256, 98.24548, 101.69654, 97.37658, -2.24708, -2.23607, 10203.29802, '2024-05-28 16:55:34');
INSERT INTO `investment_daily_change` VALUES (1727, 127, '2024-05-28 00:00:00', 98.13578, 100.55651, 100.63718, 97.21441, 2.42073, 2.46671, 4216.82508, '2024-05-28 16:55:34');
INSERT INTO `investment_daily_change` VALUES (1728, 128, '2024-05-28 00:00:00', 101.68795, 102.84978, 104.67740, 101.08015, 1.16183, 1.14254, 7410.33667, '2024-05-28 16:55:34');
INSERT INTO `investment_daily_change` VALUES (1729, 129, '2024-05-28 00:00:00', 102.24414, 101.48948, 102.62832, 100.56360, -0.75466, -0.73810, 1472.68397, '2024-05-28 16:55:34');
INSERT INTO `investment_daily_change` VALUES (1730, 130, '2024-05-28 00:00:00', 98.90950, 101.15852, 102.14700, 97.14143, 2.24902, 2.27382, 5309.41922, '2024-05-28 16:55:34');
INSERT INTO `investment_daily_change` VALUES (1731, 131, '2024-05-28 00:00:00', 98.69037, 97.60964, 99.28243, 96.30716, -1.08073, -1.09507, 1411.02314, '2024-05-28 16:55:34');
INSERT INTO `investment_daily_change` VALUES (1732, 132, '2024-05-28 00:00:00', 98.58891, 97.73051, 99.49730, 97.38258, -0.85840, -0.87069, 4676.20520, '2024-05-28 16:55:34');
INSERT INTO `investment_daily_change` VALUES (1733, 133, '2024-05-28 00:00:00', 101.38931, 99.79590, 103.19278, 99.57933, -1.59341, -1.57157, 1644.68151, '2024-05-28 16:55:34');
INSERT INTO `investment_daily_change` VALUES (1734, 134, '2024-05-28 00:00:00', 98.95921, 98.40620, 100.74604, 97.88148, -0.55301, -0.55883, 8806.73109, '2024-05-28 16:55:34');
INSERT INTO `investment_daily_change` VALUES (1735, 135, '2024-05-28 00:00:00', 100.11329, 100.90058, 101.07784, 99.77977, 0.78729, 0.78640, 9682.21518, '2024-05-28 16:55:34');
INSERT INTO `investment_daily_change` VALUES (1736, 136, '2024-05-28 00:00:00', 100.85523, 102.64938, 104.43903, 100.15963, 1.79415, 1.77894, 1699.64002, '2024-05-28 16:55:34');
INSERT INTO `investment_daily_change` VALUES (1737, 137, '2024-05-28 00:00:00', 97.39423, 95.86203, 98.95227, 95.67443, -1.53220, -1.57319, 5556.23287, '2024-05-28 16:55:34');
INSERT INTO `investment_daily_change` VALUES (1738, 138, '2024-05-28 00:00:00', 99.12146, 97.27757, 99.46348, 95.23399, -1.84389, -1.86023, 1702.88886, '2024-05-28 16:55:34');
INSERT INTO `investment_daily_change` VALUES (1739, 139, '2024-05-28 00:00:00', 100.18785, 99.13366, 101.79123, 97.53763, -1.05419, -1.05222, 10873.24149, '2024-05-28 16:55:34');
INSERT INTO `investment_daily_change` VALUES (1740, 140, '2024-05-28 00:00:00', 100.95599, 100.45889, 101.86775, 99.59557, -0.49710, -0.49240, 8163.99642, '2024-05-28 16:55:34');
INSERT INTO `investment_daily_change` VALUES (1741, 111, '2024-05-28 00:00:00', 102.15519, 100.74499, 104.75798, 99.79160, -1.41020, -1.38045, 3074.06140, '2024-05-28 16:56:37');
INSERT INTO `investment_daily_change` VALUES (1742, 112, '2024-05-28 00:00:00', 100.82559, 102.92999, 104.45172, 98.49481, 2.10440, 2.08717, 1122.89340, '2024-05-28 16:56:37');
INSERT INTO `investment_daily_change` VALUES (1743, 113, '2024-05-28 00:00:00', 98.29048, 97.76989, 98.74206, 97.07581, -0.52059, -0.52964, 6193.87665, '2024-05-28 16:56:37');
INSERT INTO `investment_daily_change` VALUES (1744, 114, '2024-05-28 00:00:00', 99.98025, 98.25797, 100.95697, 96.84548, -1.72228, -1.72262, 6586.43697, '2024-05-28 16:56:37');
INSERT INTO `investment_daily_change` VALUES (1745, 115, '2024-05-28 00:00:00', 95.03626, 94.54601, 97.01005, 93.22119, -0.49025, -0.51586, 1910.98133, '2024-05-28 16:56:37');
INSERT INTO `investment_daily_change` VALUES (1746, 116, '2024-05-28 00:00:00', 102.06344, 104.53026, 105.27055, 101.56936, 2.46682, 2.41694, 2423.65463, '2024-05-28 16:56:37');
INSERT INTO `investment_daily_change` VALUES (1747, 117, '2024-05-28 00:00:00', 100.95252, 101.63940, 102.57557, 99.89885, 0.68688, 0.68040, 7173.28348, '2024-05-28 16:56:37');
INSERT INTO `investment_daily_change` VALUES (1748, 118, '2024-05-28 00:00:00', 99.65351, 102.05389, 102.98431, 98.06386, 2.40038, 2.40873, 2420.77580, '2024-05-28 16:56:37');
INSERT INTO `investment_daily_change` VALUES (1749, 119, '2024-05-28 00:00:00', 103.54563, 106.12560, 107.92196, 101.88783, 2.57997, 2.49162, 7191.63252, '2024-05-28 16:56:37');
INSERT INTO `investment_daily_change` VALUES (1750, 120, '2024-05-28 00:00:00', 102.92603, 102.11936, 104.35090, 101.89211, -0.80667, -0.78374, 8535.11794, '2024-05-28 16:56:37');
INSERT INTO `investment_daily_change` VALUES (1751, 121, '2024-05-28 00:00:00', 96.29930, 97.47392, 99.68411, 93.89419, 1.17462, 1.21976, 5089.02838, '2024-05-28 16:56:37');
INSERT INTO `investment_daily_change` VALUES (1752, 122, '2024-05-28 00:00:00', 100.49637, 100.86398, 100.86531, 99.42049, 0.36761, 0.36579, 3886.88592, '2024-05-28 16:56:37');
INSERT INTO `investment_daily_change` VALUES (1753, 123, '2024-05-28 00:00:00', 96.77119, 94.85755, 98.41436, 94.24745, -1.91364, -1.97749, 1994.77796, '2024-05-28 16:56:37');
INSERT INTO `investment_daily_change` VALUES (1754, 124, '2024-05-28 00:00:00', 100.99045, 99.50184, 102.00578, 97.56074, -1.48861, -1.47401, 1527.95094, '2024-05-28 16:56:38');
INSERT INTO `investment_daily_change` VALUES (1755, 125, '2024-05-28 00:00:00', 96.88413, 96.96950, 97.25384, 95.30137, 0.08537, 0.08811, 3872.66036, '2024-05-28 16:56:38');
INSERT INTO `investment_daily_change` VALUES (1756, 126, '2024-05-28 00:00:00', 98.24548, 97.06400, 99.60632, 96.58933, -1.18148, -1.20258, 6526.66745, '2024-05-28 16:56:38');
INSERT INTO `investment_daily_change` VALUES (1757, 127, '2024-05-28 00:00:00', 100.55651, 99.24482, 101.92015, 96.97739, -1.31169, -1.30443, 3872.16334, '2024-05-28 16:56:38');
INSERT INTO `investment_daily_change` VALUES (1758, 128, '2024-05-28 00:00:00', 102.84978, 101.89392, 103.68538, 100.69794, -0.95586, -0.92937, 1407.79444, '2024-05-28 16:56:38');
INSERT INTO `investment_daily_change` VALUES (1759, 129, '2024-05-28 00:00:00', 101.48948, 99.18981, 102.02296, 96.40958, -2.29967, -2.26592, 1491.85275, '2024-05-28 16:56:38');
INSERT INTO `investment_daily_change` VALUES (1760, 130, '2024-05-28 00:00:00', 101.15852, 100.10126, 101.34399, 99.36492, -1.05726, -1.04515, 7486.58028, '2024-05-28 16:56:38');
INSERT INTO `investment_daily_change` VALUES (1761, 131, '2024-05-28 00:00:00', 97.60964, 97.95239, 98.96089, 96.79957, 0.34275, 0.35114, 2343.93972, '2024-05-28 16:56:38');
INSERT INTO `investment_daily_change` VALUES (1762, 132, '2024-05-28 00:00:00', 97.73051, 98.09999, 99.84830, 96.86941, 0.36948, 0.37806, 7136.07614, '2024-05-28 16:56:38');
INSERT INTO `investment_daily_change` VALUES (1763, 133, '2024-05-28 00:00:00', 99.79590, 101.48848, 101.67906, 98.98633, 1.69258, 1.69605, 4809.10551, '2024-05-28 16:56:38');
INSERT INTO `investment_daily_change` VALUES (1764, 134, '2024-05-28 00:00:00', 98.40620, 96.36153, 98.88369, 95.89938, -2.04467, -2.07778, 4526.73824, '2024-05-28 16:56:38');
INSERT INTO `investment_daily_change` VALUES (1765, 135, '2024-05-28 00:00:00', 100.90058, 98.86437, 102.45260, 96.83145, -2.03621, -2.01804, 2370.64816, '2024-05-28 16:56:38');
INSERT INTO `investment_daily_change` VALUES (1766, 136, '2024-05-28 00:00:00', 102.64938, 102.06635, 104.19533, 101.28641, -0.58303, -0.56798, 4877.38443, '2024-05-28 16:56:38');
INSERT INTO `investment_daily_change` VALUES (1767, 137, '2024-05-28 00:00:00', 95.86203, 95.39817, 96.85625, 94.53326, -0.46386, -0.48388, 2917.01268, '2024-05-28 16:56:38');
INSERT INTO `investment_daily_change` VALUES (1768, 138, '2024-05-28 00:00:00', 97.27757, 98.87230, 99.02555, 95.01497, 1.59473, 1.63937, 4756.56482, '2024-05-28 16:56:38');
INSERT INTO `investment_daily_change` VALUES (1769, 139, '2024-05-28 00:00:00', 99.13366, 100.02720, 100.85457, 98.99265, 0.89354, 0.90135, 8801.76753, '2024-05-28 16:56:38');
INSERT INTO `investment_daily_change` VALUES (1770, 140, '2024-05-28 00:00:00', 100.45889, 101.49311, 103.75591, 100.24974, 1.03422, 1.02950, 8473.40852, '2024-05-28 16:56:38');
INSERT INTO `investment_daily_change` VALUES (1771, 111, '2024-05-28 00:00:00', 100.74499, 101.07814, 102.02456, 97.84712, 0.33315, 0.33069, 3950.09006, '2024-05-28 17:00:06');
INSERT INTO `investment_daily_change` VALUES (1772, 112, '2024-05-28 00:00:00', 102.92999, 104.89320, 105.80557, 100.59476, 1.96321, 1.90733, 8097.01346, '2024-05-28 17:00:06');
INSERT INTO `investment_daily_change` VALUES (1773, 113, '2024-05-28 00:00:00', 97.76989, 97.25577, 98.79129, 96.83513, -0.51412, -0.52584, 6800.82352, '2024-05-28 17:00:06');
INSERT INTO `investment_daily_change` VALUES (1774, 114, '2024-05-28 00:00:00', 98.25797, 100.14289, 101.23481, 96.61880, 1.88492, 1.91834, 7143.43677, '2024-05-28 17:00:06');
INSERT INTO `investment_daily_change` VALUES (1775, 115, '2024-05-28 00:00:00', 94.54601, 96.86329, 97.25291, 92.11416, 2.31728, 2.45096, 10373.16698, '2024-05-28 17:00:06');
INSERT INTO `investment_daily_change` VALUES (1776, 116, '2024-05-28 00:00:00', 104.53026, 102.61682, 106.16158, 100.62565, -1.91344, -1.83052, 10469.34962, '2024-05-28 17:00:06');
INSERT INTO `investment_daily_change` VALUES (1777, 117, '2024-05-28 00:00:00', 101.63940, 100.81957, 102.03506, 100.58781, -0.81983, -0.80660, 3247.06200, '2024-05-28 17:00:06');
INSERT INTO `investment_daily_change` VALUES (1778, 118, '2024-05-28 00:00:00', 102.05389, 100.82794, 103.81740, 98.48387, -1.22595, -1.20127, 5411.42148, '2024-05-28 17:00:06');
INSERT INTO `investment_daily_change` VALUES (1779, 119, '2024-05-28 00:00:00', 106.12560, 104.79596, 106.13376, 103.43866, -1.32964, -1.25289, 7746.33899, '2024-05-28 17:00:06');
INSERT INTO `investment_daily_change` VALUES (1780, 120, '2024-05-28 00:00:00', 102.11936, 103.59988, 104.82586, 101.64117, 1.48052, 1.44979, 1710.49337, '2024-05-28 17:00:06');
INSERT INTO `investment_daily_change` VALUES (1781, 121, '2024-05-28 00:00:00', 97.47392, 95.38928, 98.61946, 93.57394, -2.08464, -2.13866, 4113.68316, '2024-05-28 17:00:06');
INSERT INTO `investment_daily_change` VALUES (1782, 122, '2024-05-28 00:00:00', 100.86398, 101.36616, 102.17327, 99.42801, 0.50218, 0.49788, 10259.60322, '2024-05-28 17:00:06');
INSERT INTO `investment_daily_change` VALUES (1783, 123, '2024-05-28 00:00:00', 94.85755, 96.68551, 96.86343, 93.78504, 1.82796, 1.92706, 1966.48527, '2024-05-28 17:00:06');
INSERT INTO `investment_daily_change` VALUES (1784, 124, '2024-05-28 00:00:00', 99.50184, 99.88813, 101.39094, 98.55219, 0.38629, 0.38822, 3214.92775, '2024-05-28 17:00:06');
INSERT INTO `investment_daily_change` VALUES (1785, 125, '2024-05-28 00:00:00', 96.96950, 97.91714, 100.26590, 94.86964, 0.94764, 0.97726, 2822.63908, '2024-05-28 17:00:06');
INSERT INTO `investment_daily_change` VALUES (1786, 126, '2024-05-28 00:00:00', 97.06400, 99.05477, 100.08887, 96.95911, 1.99077, 2.05099, 10508.69954, '2024-05-28 17:00:06');
INSERT INTO `investment_daily_change` VALUES (1787, 127, '2024-05-28 00:00:00', 99.24482, 101.54440, 101.61538, 97.83711, 2.29958, 2.31708, 9985.34606, '2024-05-28 17:00:06');
INSERT INTO `investment_daily_change` VALUES (1788, 128, '2024-05-28 00:00:00', 101.89392, 101.84605, 103.84769, 99.86156, -0.04787, -0.04698, 10303.16714, '2024-05-28 17:00:06');
INSERT INTO `investment_daily_change` VALUES (1789, 129, '2024-05-28 00:00:00', 99.18981, 101.41562, 102.80566, 97.02933, 2.22581, 2.24399, 4575.99359, '2024-05-28 17:00:06');
INSERT INTO `investment_daily_change` VALUES (1790, 130, '2024-05-28 00:00:00', 100.10126, 100.62284, 100.99127, 99.40330, 0.52158, 0.52106, 3424.65478, '2024-05-28 17:00:06');
INSERT INTO `investment_daily_change` VALUES (1791, 131, '2024-05-28 00:00:00', 97.95239, 97.08640, 99.15212, 96.36224, -0.86599, -0.88409, 9004.16443, '2024-05-28 17:00:06');
INSERT INTO `investment_daily_change` VALUES (1792, 132, '2024-05-28 00:00:00', 98.09999, 98.80253, 100.00387, 97.23606, 0.70254, 0.71615, 4316.78940, '2024-05-28 17:00:06');
INSERT INTO `investment_daily_change` VALUES (1793, 133, '2024-05-28 00:00:00', 101.48848, 101.98712, 102.86759, 100.66925, 0.49864, 0.49133, 1663.84481, '2024-05-28 17:00:06');
INSERT INTO `investment_daily_change` VALUES (1794, 134, '2024-05-28 00:00:00', 96.36153, 97.90747, 100.13430, 95.66672, 1.54594, 1.60432, 3551.95353, '2024-05-28 17:00:06');
INSERT INTO `investment_daily_change` VALUES (1795, 135, '2024-05-28 00:00:00', 98.86437, 101.08536, 101.96564, 97.93755, 2.22099, 2.24650, 9144.88986, '2024-05-28 17:00:06');
INSERT INTO `investment_daily_change` VALUES (1796, 136, '2024-05-28 00:00:00', 102.06635, 100.76245, 102.55503, 100.70393, -1.30390, -1.27750, 9440.02975, '2024-05-28 17:00:06');
INSERT INTO `investment_daily_change` VALUES (1797, 137, '2024-05-28 00:00:00', 95.39817, 97.65807, 97.71065, 92.79231, 2.25990, 2.36891, 4748.81015, '2024-05-28 17:00:06');
INSERT INTO `investment_daily_change` VALUES (1798, 138, '2024-05-28 00:00:00', 98.87230, 98.42407, 99.32782, 96.96967, -0.44823, -0.45335, 8773.49616, '2024-05-28 17:00:06');
INSERT INTO `investment_daily_change` VALUES (1799, 139, '2024-05-28 00:00:00', 100.02720, 100.52751, 101.57500, 98.84920, 0.50031, 0.50017, 4597.94389, '2024-05-28 17:00:06');
INSERT INTO `investment_daily_change` VALUES (1800, 140, '2024-05-28 00:00:00', 101.49311, 102.77253, 103.16811, 101.18529, 1.27942, 1.26059, 9247.93796, '2024-05-28 17:00:06');
INSERT INTO `investment_daily_change` VALUES (1801, 111, '2024-05-28 00:00:00', 101.07814, 103.06378, 103.39813, 99.86714, 1.98564, 1.96446, 5127.07272, '2024-05-28 17:03:30');
INSERT INTO `investment_daily_change` VALUES (1802, 112, '2024-05-28 00:00:00', 104.89320, 105.23007, 106.87582, 103.89655, 0.33687, 0.32116, 8597.03651, '2024-05-28 17:03:30');
INSERT INTO `investment_daily_change` VALUES (1803, 113, '2024-05-28 00:00:00', 97.25577, 96.33862, 98.37617, 95.89119, -0.91715, -0.94303, 8246.54922, '2024-05-28 17:03:30');
INSERT INTO `investment_daily_change` VALUES (1804, 114, '2024-05-28 00:00:00', 100.14289, 99.27804, 101.04285, 98.81449, -0.86485, -0.86362, 7981.09721, '2024-05-28 17:03:30');
INSERT INTO `investment_daily_change` VALUES (1805, 115, '2024-05-28 00:00:00', 96.86329, 96.41431, 98.46742, 93.57127, -0.44898, -0.46352, 2965.99254, '2024-05-28 17:03:30');
INSERT INTO `investment_daily_change` VALUES (1806, 116, '2024-05-28 00:00:00', 102.61682, 100.81410, 104.92839, 100.44607, -1.80272, -1.75675, 9668.18247, '2024-05-28 17:03:30');
INSERT INTO `investment_daily_change` VALUES (1807, 117, '2024-05-28 00:00:00', 100.81957, 100.10328, 100.89338, 98.28065, -0.71629, -0.71047, 4767.62082, '2024-05-28 17:03:30');
INSERT INTO `investment_daily_change` VALUES (1808, 118, '2024-05-28 00:00:00', 100.82794, 99.24532, 102.63593, 98.75914, -1.58262, -1.56962, 1546.90607, '2024-05-28 17:03:30');
INSERT INTO `investment_daily_change` VALUES (1809, 119, '2024-05-28 00:00:00', 104.79596, 104.21563, 106.83561, 102.53664, -0.58033, -0.55378, 6518.27776, '2024-05-28 17:03:30');
INSERT INTO `investment_daily_change` VALUES (1810, 120, '2024-05-28 00:00:00', 103.59988, 102.65124, 103.77430, 102.01294, -0.94864, -0.91568, 3509.95912, '2024-05-28 17:03:30');
INSERT INTO `investment_daily_change` VALUES (1811, 121, '2024-05-28 00:00:00', 95.38928, 93.28175, 97.30516, 90.81260, -2.10753, -2.20940, 7209.21919, '2024-05-28 17:03:30');
INSERT INTO `investment_daily_change` VALUES (1812, 122, '2024-05-28 00:00:00', 101.36616, 100.69080, 102.30568, 99.37102, -0.67536, -0.66626, 3247.42238, '2024-05-28 17:03:30');
INSERT INTO `investment_daily_change` VALUES (1813, 123, '2024-05-28 00:00:00', 96.68551, 97.11896, 97.22661, 96.11080, 0.43345, 0.44831, 7312.72021, '2024-05-28 17:03:30');
INSERT INTO `investment_daily_change` VALUES (1814, 124, '2024-05-28 00:00:00', 99.88813, 100.35262, 101.24043, 99.57141, 0.46449, 0.46501, 1488.93412, '2024-05-28 17:03:30');
INSERT INTO `investment_daily_change` VALUES (1815, 125, '2024-05-28 00:00:00', 97.91714, 96.27129, 100.09226, 96.06144, -1.64585, -1.68086, 2044.56666, '2024-05-28 17:03:30');
INSERT INTO `investment_daily_change` VALUES (1816, 126, '2024-05-28 00:00:00', 99.05477, 99.97152, 102.00093, 96.65324, 0.91675, 0.92550, 9233.77048, '2024-05-28 17:03:30');
INSERT INTO `investment_daily_change` VALUES (1817, 127, '2024-05-28 00:00:00', 101.54440, 102.82681, 103.59576, 100.18850, 1.28241, 1.26291, 6321.49269, '2024-05-28 17:03:30');
INSERT INTO `investment_daily_change` VALUES (1818, 128, '2024-05-28 00:00:00', 101.84605, 99.93092, 103.51806, 98.61835, -1.91513, -1.88042, 2007.90575, '2024-05-28 17:03:30');
INSERT INTO `investment_daily_change` VALUES (1819, 129, '2024-05-28 00:00:00', 101.41562, 100.13797, 104.30929, 97.25352, -1.27765, -1.25981, 7702.62629, '2024-05-28 17:03:31');
INSERT INTO `investment_daily_change` VALUES (1820, 130, '2024-05-28 00:00:00', 100.62284, 99.30442, 102.63490, 98.66802, -1.31842, -1.31026, 8687.11021, '2024-05-28 17:03:31');
INSERT INTO `investment_daily_change` VALUES (1821, 131, '2024-05-28 00:00:00', 97.08640, 97.01809, 97.11789, 96.41019, -0.06831, -0.07036, 6104.00823, '2024-05-28 17:03:31');
INSERT INTO `investment_daily_change` VALUES (1822, 132, '2024-05-28 00:00:00', 98.80253, 100.21493, 100.53489, 98.07514, 1.41240, 1.42952, 4925.15304, '2024-05-28 17:03:31');
INSERT INTO `investment_daily_change` VALUES (1823, 133, '2024-05-28 00:00:00', 101.98712, 100.50538, 103.84357, 98.61485, -1.48174, -1.45287, 1575.24229, '2024-05-28 17:03:31');
INSERT INTO `investment_daily_change` VALUES (1824, 134, '2024-05-28 00:00:00', 97.90747, 99.74183, 100.45000, 97.57706, 1.83436, 1.87357, 3726.16845, '2024-05-28 17:03:31');
INSERT INTO `investment_daily_change` VALUES (1825, 135, '2024-05-28 00:00:00', 101.08536, 102.65944, 105.11643, 99.97732, 1.57408, 1.55718, 3927.34330, '2024-05-28 17:03:31');
INSERT INTO `investment_daily_change` VALUES (1826, 136, '2024-05-28 00:00:00', 100.76245, 100.90869, 101.98748, 99.72462, 0.14624, 0.14513, 8200.24947, '2024-05-28 17:03:31');
INSERT INTO `investment_daily_change` VALUES (1827, 137, '2024-05-28 00:00:00', 97.65807, 95.44970, 98.75660, 94.11643, -2.20837, -2.26133, 10500.84404, '2024-05-28 17:03:31');
INSERT INTO `investment_daily_change` VALUES (1828, 138, '2024-05-28 00:00:00', 98.42407, 98.66325, 99.32994, 97.19794, 0.23918, 0.24301, 4041.33349, '2024-05-28 17:03:31');
INSERT INTO `investment_daily_change` VALUES (1829, 139, '2024-05-28 00:00:00', 100.52751, 99.04972, 101.17104, 97.26878, -1.47779, -1.47004, 10863.22247, '2024-05-28 17:03:31');
INSERT INTO `investment_daily_change` VALUES (1830, 140, '2024-05-28 00:00:00', 102.77253, 105.04820, 106.69059, 100.29148, 2.27567, 2.21427, 1766.43788, '2024-05-28 17:03:31');

-- ----------------------------
-- Table structure for investment_record
-- ----------------------------
DROP TABLE IF EXISTS `investment_record`;
CREATE TABLE `investment_record`  (
  `investment_record_id` int(0) NOT NULL AUTO_INCREMENT COMMENT '投资记录id',
  `investment_id` int(0) NULL DEFAULT NULL COMMENT '投资选项id',
  `user_id` int(0) NULL DEFAULT NULL COMMENT '用户id',
  `amount` decimal(15, 5) NULL DEFAULT NULL COMMENT '数量',
  `current_prize` decimal(15, 5) NULL DEFAULT NULL COMMENT '交易发生时的价格',
  `operation` varchar(255) CHARACTER SET utf8mb4 COLLATE utf8mb4_0900_ai_ci NULL DEFAULT NULL COMMENT '\"买入\"或\"卖出\"',
  `status` varchar(255) CHARACTER SET utf8mb4 COLLATE utf8mb4_0900_ai_ci NULL DEFAULT NULL COMMENT '状态',
  `created_at` timestamp(0) NULL DEFAULT CURRENT_TIMESTAMP(0) ON UPDATE CURRENT_TIMESTAMP(0) COMMENT '创建时的时间戳',
  `updated_at` timestamp(0) NULL DEFAULT CURRENT_TIMESTAMP(0) ON UPDATE CURRENT_TIMESTAMP(0) COMMENT '上次更新时的时间戳',
  `asset_id` int(0) NULL DEFAULT NULL COMMENT '用户资产id',
  PRIMARY KEY (`investment_record_id`) USING BTREE,
  INDEX `user_id`(`user_id`) USING BTREE,
  INDEX `investment_id`(`investment_id`) USING BTREE,
  INDEX `asset_id`(`asset_id`) USING BTREE,
  CONSTRAINT `investment_record_ibfk_1` FOREIGN KEY (`user_id`) REFERENCES `user` (`user_id`) ON DELETE RESTRICT ON UPDATE CASCADE,
  CONSTRAINT `investment_record_ibfk_2` FOREIGN KEY (`investment_id`) REFERENCES `investment` (`investment_id`) ON DELETE RESTRICT ON UPDATE CASCADE,
  CONSTRAINT `investment_record_ibfk_3` FOREIGN KEY (`asset_id`) REFERENCES `asset` (`asset_id`) ON DELETE RESTRICT ON UPDATE CASCADE
) ENGINE = InnoDB AUTO_INCREMENT = 53 CHARACTER SET = utf8mb4 COLLATE = utf8mb4_0900_ai_ci ROW_FORMAT = Dynamic;

-- ----------------------------
-- Records of investment_record
-- ----------------------------
INSERT INTO `investment_record` VALUES (1111, 126, 8, 10.28000, 98.24548, '买入', '进行中', '2024-05-28 16:55:36', '2024-05-28 16:55:36', 1071);
INSERT INTO `investment_record` VALUES (1112, 126, 8, 4.37000, 97.06400, '卖出', '进行中', '2024-05-28 16:57:00', '2024-05-28 16:57:00', 1071);
INSERT INTO `investment_record` VALUES (1113, 135, 8, 2.71000, 101.08536, '买入', '进行中', '2024-05-28 17:00:07', '2024-05-28 17:00:07', 1072);
INSERT INTO `investment_record` VALUES (1114, 135, 8, 0.22000, 101.08536, '卖出', '进行中', '2024-05-28 17:00:58', '2024-05-28 17:00:58', 1072);
INSERT INTO `investment_record` VALUES (1115, 135, 8, 1.44000, 102.65944, '卖出', '进行中', '2024-05-28 17:03:38', '2024-05-28 17:03:38', 1072);

-- ----------------------------
-- Table structure for user
-- ----------------------------
DROP TABLE IF EXISTS `user`;
CREATE TABLE `user`  (
  `user_id` int(0) NOT NULL AUTO_INCREMENT COMMENT '用户id',
  `username` varchar(255) CHARACTER SET utf8mb4 COLLATE utf8mb4_0900_ai_ci NULL DEFAULT NULL COMMENT '用户名',
  `password` varchar(255) CHARACTER SET utf8mb4 COLLATE utf8mb4_0900_ai_ci NULL DEFAULT NULL COMMENT '密码',
  `email` varchar(255) CHARACTER SET utf8mb4 COLLATE utf8mb4_0900_ai_ci NULL DEFAULT NULL COMMENT '邮箱地址',
  `phone` varchar(255) CHARACTER SET utf8mb4 COLLATE utf8mb4_0900_ai_ci NULL DEFAULT NULL COMMENT '电话号码',
  `first_name` varchar(255) CHARACTER SET utf8mb4 COLLATE utf8mb4_0900_ai_ci NULL DEFAULT NULL COMMENT '名',
  `last_name` varchar(255) CHARACTER SET utf8mb4 COLLATE utf8mb4_0900_ai_ci NULL DEFAULT NULL COMMENT '姓',
  `address` varchar(255) CHARACTER SET utf8mb4 COLLATE utf8mb4_0900_ai_ci NULL DEFAULT NULL COMMENT '地址',
  `created_at` timestamp(0) NULL DEFAULT CURRENT_TIMESTAMP(0) COMMENT '创建时的时间戳',
  `updated_at` timestamp(0) NULL DEFAULT CURRENT_TIMESTAMP(0) ON UPDATE CURRENT_TIMESTAMP(0) COMMENT '上次更新时间戳',
  `role` varchar(5) CHARACTER SET utf8mb4 COLLATE utf8mb4_0900_ai_ci NULL DEFAULT 'user' COMMENT '用户身份',
  PRIMARY KEY (`user_id`) USING BTREE
) ENGINE = InnoDB AUTO_INCREMENT = 14 CHARACTER SET = utf8mb4 COLLATE = utf8mb4_0900_ai_ci ROW_FORMAT = Dynamic;

-- ----------------------------
-- Records of user
-- ----------------------------
INSERT INTO `user` VALUES (8, 'su', '8d969eef6ecad3c29a3a629280e686cf0c3f5d5a86aff3ca12020c923adc6c92', 'super@gmail.com', '18758834142', 'py', 'c', 'zufe', '2024-05-25 00:24:04', '2024-05-25 12:27:12', 'admin');

SET FOREIGN_KEY_CHECKS = 1;
